/*
 Navicat Premium Data Transfer

 Source Server         : Localhost
 Source Server Type    : MySQL
 Source Server Version : 50635
 Source Host           : localhost
 Source Database       : tour_system

 Target Server Type    : MySQL
 Target Server Version : 50635
 File Encoding         : utf-8

 Date: 08/01/2018 17:39:36 PM
*/

SET NAMES utf8;
SET FOREIGN_KEY_CHECKS = 0;

-- ----------------------------
--  Table structure for `activity_log`
-- ----------------------------
DROP TABLE IF EXISTS `activity_log`;
CREATE TABLE `activity_log` (
  `id` int(10) unsigned NOT NULL AUTO_INCREMENT,
  `user_id` int(11) DEFAULT NULL,
  `content_type` varchar(72) COLLATE utf8mb4_unicode_ci DEFAULT NULL,
  `content_id` int(11) DEFAULT NULL,
  `action` varchar(32) COLLATE utf8mb4_unicode_ci DEFAULT NULL,
  `description` varchar(255) COLLATE utf8mb4_unicode_ci DEFAULT NULL,
  `details` text COLLATE utf8mb4_unicode_ci,
  `data` text COLLATE utf8mb4_unicode_ci,
  `language_key` tinyint(1) DEFAULT NULL,
  `public` tinyint(1) DEFAULT NULL,
  `developer` tinyint(1) DEFAULT NULL,
  `ip_address` varchar(64) COLLATE utf8mb4_unicode_ci DEFAULT NULL,
  `user_agent` varchar(255) COLLATE utf8mb4_unicode_ci DEFAULT NULL,
  `created_at` timestamp NULL DEFAULT NULL,
  `updated_at` timestamp NULL DEFAULT NULL,
  PRIMARY KEY (`id`)
) ENGINE=InnoDB AUTO_INCREMENT=26 DEFAULT CHARSET=utf8mb4 COLLATE=utf8mb4_unicode_ci;

-- ----------------------------
--  Records of `activity_log`
-- ----------------------------
BEGIN;
INSERT INTO `activity_log` VALUES ('1', '12', 'Open Trip [update]', '1', 'Update', 'Ada kesalahan saat perubahan data Open Trip', 'Trying to get property of non-object', '{\"user_id\":12,\"id\":\"1\",\"tour_id\":\"1\",\"name\":\"Bali Water Sport Season Oktober 2018\",\"notes\":\"<p>Notes Tidak ada<br><\\/p>\",\"departure_date\":\"2018-10-02\",\"guide\":\"Barind\",\"cost_of_good\":\"Rp __2.300.000\",\"selling_price\":\"Rp __2.500.000\",\"max_quota\":\"_30\"}', null, null, null, '::1', 'Mozilla/5.0 (Macintosh; Intel Mac OS X 10.13; rv:62.0) Gecko/20100101 Firefox/62.0', '2018-07-04 10:24:20', '2018-07-04 10:24:20'), ('2', '12', 'Open Trip [update]', '1', 'Update', 'Ada kesalahan saat perubahan data Open Trip', 'Trying to get property of non-object', '{\"user_id\":12,\"id\":\"1\",\"tour_id\":\"1\",\"name\":\"Bali Water Sport Season Oktober 2018\",\"notes\":\"<p>Notes Tidak ada<br><\\/p>\",\"departure_date\":\"2018-10-02\",\"guide\":\"Barind\",\"cost_of_good\":\"Rp __2.300.000\",\"selling_price\":\"Rp __2.500.000\",\"max_quota\":\"_30\"}', null, null, null, '::1', 'Mozilla/5.0 (Macintosh; Intel Mac OS X 10.13; rv:62.0) Gecko/20100101 Firefox/62.0', '2018-07-04 10:24:38', '2018-07-04 10:24:38'), ('3', '12', 'Open Trip [update]', '1', 'Update', 'Ada kesalahan saat perubahan data Open Trip', 'Trying to get property of non-object', '{\"user_id\":12,\"id\":\"1\",\"tour_id\":\"1\",\"name\":\"Bali Water Sport Season Oktober 2018\",\"notes\":\"<p>Notes Tidak ada<br><\\/p>\",\"departure_date\":\"2018-10-02\",\"guide\":\"Barind\",\"cost_of_good\":\"Rp __2.300.000\",\"selling_price\":\"Rp __2.500.000\",\"max_quota\":\"_30\"}', null, null, null, '::1', 'Mozilla/5.0 (Macintosh; Intel Mac OS X 10.13; rv:62.0) Gecko/20100101 Firefox/62.0', '2018-07-04 10:26:48', '2018-07-04 10:26:48'), ('4', '12', ' [helper]', '0', 'Update', 'Ada kesalahan saat menyimpan data ', 'SQLSTATE[42S22]: Column not found: 1054 Unknown column \'open_trip_id\' in \'field list\' (SQL: insert into `tour_compilations` (`tour_type`, `tour_id`, `region_id`, `country_id`, `destination_id`, `open_trip_id`, `name`, `selling_price`, `departure_date`, `created_by`, `updated_by`, `updated_at`, `created_at`) values (Open Trip, 1, 1, 1, 1, 1, Bali Water Sport Season Oktober 2018, 2500000, 2018-10-02, 12, 12, 2018-07-04 10:28:04, 2018-07-04 10:28:04))', '', null, null, null, '::1', 'Mozilla/5.0 (Macintosh; Intel Mac OS X 10.13; rv:62.0) Gecko/20100101 Firefox/62.0', '2018-07-04 10:28:04', '2018-07-04 10:28:04'), ('5', '12', 'Hot Offer [save]', '0', 'Update', 'Ada kesalahan saat menyimpan data Hot Offer', 'SQLSTATE[HY000]: General error: 1366 Incorrect decimal value: \'\' for column \'cost_of_good\' at row 1 (SQL: insert into `opentrips` (`tour_id`, `name`, `notes`, `departure_date`, `cost_of_good`, `selling_price`, `max_quota`, `quota_realtime`, `quota_update`, `guide`, `is_active`, `created_by`, `updated_by`, `updated_at`, `created_at`) values (, , , 1970-01-01, , , , 0, 2018-07-09 03:52:03, , 1, 12, 12, 2018-07-09 03:52:03, 2018-07-09 03:52:03))', '{\"user_id\":12,\"tour_id\":null,\"name\":null,\"notes\":null,\"departure_date\":\"1970-01-01\",\"guide\":null,\"cost_of_good\":null,\"selling_price\":null,\"max_quota\":null}', null, null, null, '::1', 'Mozilla/5.0 (Macintosh; Intel Mac OS X 10.13; rv:62.0) Gecko/20100101 Firefox/62.0', '2018-07-09 03:52:03', '2018-07-09 03:52:03'), ('6', '12', 'Hot Offer [save]', '0', 'Update', 'Ada kesalahan saat menyimpan data Hot Offer', 'SQLSTATE[HY000]: General error: 1366 Incorrect decimal value: \'\' for column \'cost_of_good\' at row 1 (SQL: insert into `opentrips` (`tour_id`, `name`, `notes`, `departure_date`, `cost_of_good`, `selling_price`, `max_quota`, `quota_realtime`, `quota_update`, `guide`, `is_active`, `created_by`, `updated_by`, `updated_at`, `created_at`) values (, , , 1970-01-01, , , , 0, 2018-07-09 03:52:36, , 1, 12, 12, 2018-07-09 03:52:36, 2018-07-09 03:52:36))', '{\"user_id\":12,\"tour_id\":null,\"name\":null,\"notes\":null,\"departure_date\":\"1970-01-01\",\"guide\":null,\"cost_of_good\":null,\"selling_price\":null,\"max_quota\":null}', null, null, null, '::1', 'Mozilla/5.0 (Macintosh; Intel Mac OS X 10.13; rv:62.0) Gecko/20100101 Firefox/62.0', '2018-07-09 03:52:36', '2018-07-09 03:52:36'), ('7', '12', 'Hot Offer [save]', '0', 'Update', 'Ada kesalahan saat menyimpan data Hot Offer', 'SQLSTATE[HY000]: General error: 1366 Incorrect decimal value: \'\' for column \'cost_of_good\' at row 1 (SQL: insert into `opentrips` (`tour_id`, `name`, `notes`, `departure_date`, `cost_of_good`, `selling_price`, `max_quota`, `quota_realtime`, `quota_update`, `guide`, `is_active`, `created_by`, `updated_by`, `updated_at`, `created_at`) values (, , , 1970-01-01, , , , 0, 2018-07-09 03:53:10, , 1, 12, 12, 2018-07-09 03:53:10, 2018-07-09 03:53:10))', '{\"user_id\":12,\"tour_id\":null,\"name\":null,\"notes\":null,\"departure_date\":\"1970-01-01\",\"guide\":null,\"cost_of_good\":null,\"selling_price\":null,\"max_quota\":null}', null, null, null, '::1', 'Mozilla/5.0 (Macintosh; Intel Mac OS X 10.13; rv:62.0) Gecko/20100101 Firefox/62.0', '2018-07-09 03:53:10', '2018-07-09 03:53:10'), ('8', '12', 'Hot Offer [save]', '0', 'Update', 'Ada kesalahan saat menyimpan data Hot Offer', 'SQLSTATE[HY000]: General error: 1366 Incorrect decimal value: \'\' for column \'cost_of_good\' at row 1 (SQL: insert into `opentrips` (`tour_id`, `name`, `notes`, `departure_date`, `cost_of_good`, `selling_price`, `max_quota`, `quota_realtime`, `quota_update`, `guide`, `is_active`, `created_by`, `updated_by`, `updated_at`, `created_at`) values (, , , 1970-01-01, , , , 0, 2018-07-09 03:53:15, , 1, 12, 12, 2018-07-09 03:53:15, 2018-07-09 03:53:15))', '{\"user_id\":12,\"tour_id\":null,\"name\":null,\"notes\":null,\"departure_date\":\"1970-01-01\",\"guide\":null,\"cost_of_good\":null,\"selling_price\":null,\"max_quota\":null}', null, null, null, '::1', 'Mozilla/5.0 (Macintosh; Intel Mac OS X 10.13; rv:62.0) Gecko/20100101 Firefox/62.0', '2018-07-09 03:53:15', '2018-07-09 03:53:15'), ('9', '12', 'Hot Offer [save]', '0', 'Update', 'Ada kesalahan saat menyimpan data Hot Offer', 'SQLSTATE[HY000]: General error: 1366 Incorrect decimal value: \'\' for column \'cost_of_good\' at row 1 (SQL: insert into `opentrips` (`tour_id`, `name`, `notes`, `departure_date`, `cost_of_good`, `selling_price`, `max_quota`, `quota_realtime`, `quota_update`, `guide`, `is_active`, `created_by`, `updated_by`, `updated_at`, `created_at`) values (, , , 1970-01-01, , , , 0, 2018-07-09 03:53:22, , 1, 12, 12, 2018-07-09 03:53:22, 2018-07-09 03:53:22))', '{\"user_id\":12,\"tour_id\":null,\"name\":null,\"notes\":null,\"departure_date\":\"1970-01-01\",\"guide\":null,\"cost_of_good\":null,\"selling_price\":null,\"max_quota\":null}', null, null, null, '::1', 'Mozilla/5.0 (Macintosh; Intel Mac OS X 10.13; rv:62.0) Gecko/20100101 Firefox/62.0', '2018-07-09 03:53:22', '2018-07-09 03:53:22'), ('10', '12', 'Request Member [rejected]', '49', 'Update', 'Ada kesalahan saat menolak data member', 'Route [member_actionrequest_store] not defined.', '{\"author_id\":12,\"id\":\"49\"}', null, null, null, '::1', 'Mozilla/5.0 (Macintosh; Intel Mac OS X 10.13; rv:62.0) Gecko/20100101 Firefox/62.0', '2018-07-10 14:39:08', '2018-07-10 14:39:08'), ('11', '12', 'Persetujuan Pendaftaran [approved]', '50', 'Update', 'Ada kesalahan saat menyetujui data member', 'SQLSTATE[42S22]: Column not found: 1054 Unknown column \'sub_level_id\' in \'field list\' (SQL: insert into `user_levels` (`user_id`, `created_by`, `level_id`, `sub_level_id`, `upline`, `updated_by`, `active_date`, `expired_date`, `head_id`, `updated_at`, `created_at`) values (13, 12, 2, 0, 12, 12, 2018-07-10 15:41:41, 2019-07-10 15:41:41, 12, 2018-07-10 15:41:41, 2018-07-10 15:41:41))', '{\"author_id\":12,\"id\":\"50\",\"member\":{\"id\":50,\"username\":\"head.branch\",\"name\":\"Head Branch\",\"email\":\"pengguna.kreatif@gmail.com\",\"address\":\"Bambu Apus\",\"phone\":\"081908884313\",\"level_id\":2,\"upline\":12,\"is_active\":1,\"status_id\":2,\"join_date\":\"2018-07-10 15:41:41\",\"device\":\"Web\",\"fee\":\"25000000\",\"voucher\":null,\"discount\":\"0\",\"total\":\"25000000\",\"rejected_by\":0,\"approved_by\":12,\"created_at\":\"2018-07-10 15:41:14\",\"created_by\":12,\"updated_at\":\"2018-07-10 15:41:41\",\"updated_by\":12,\"registered_by\":12,\"head_id\":12,\"user_id\":null}}', null, null, null, '::1', 'Mozilla/5.0 (Macintosh; Intel Mac OS X 10.13; rv:62.0) Gecko/20100101 Firefox/62.0', '2018-07-10 15:41:41', '2018-07-10 15:41:41'), ('12', '12', 'Helpers[set_CashFlow]', '50', 'Update', 'Ada Kesalahan pada saat transaksi CashFlow', 'SQLSTATE[42S22]: Column not found: 1054 Unknown column \'id\' in \'where clause\' (SQL: update `user_balances` set `balance` = 25000000, `balance_update` = 2018-07-10 15:44:31, `updated_at` = 2018-07-10 15:44:31 where `id` is null)', '{\"no_transaction\":\"LSI20180710011531212271\",\"nominal\":25000000,\"reference_id\":50,\"flow\":\"IN\",\"date_transaction\":\"2018-07-10 15:44:31\",\"description\":\"Registrasi Member Baru Head Branch\",\"cashflow_type_id\":1,\"user_id\":12,\"is_active\":1,\"url\":\"http:\\/\\/localhost:8080\\/tour_system\\/public\\/member\\/request\\/view\\/NTA=\",\"level_id\":1,\"upline\":0,\"author\":12}', null, null, null, '::1', 'Mozilla/5.0 (Macintosh; Intel Mac OS X 10.13; rv:62.0) Gecko/20100101 Firefox/62.0', '2018-07-10 15:44:31', '2018-07-10 15:44:31'), ('13', '12', 'Helpers[set_CashFlow]', '50', 'Update', 'Ada Kesalahan pada saat transaksi CashFlow', 'SQLSTATE[42S22]: Column not found: 1054 Unknown column \'id\' in \'where clause\' (SQL: update `user_balances` set `balance` = 25000000, `balance_update` = 2018-07-10 15:52:55, `updated_at` = 2018-07-10 15:52:55 where `id` is null)', '{\"no_transaction\":\"LSI20180710011531212775\",\"nominal\":25000000,\"reference_id\":50,\"flow\":\"IN\",\"date_transaction\":\"2018-07-10 15:52:55\",\"description\":\"Registrasi Member Baru Head Branch\",\"cashflow_type_id\":1,\"user_id\":12,\"is_active\":1,\"url\":\"http:\\/\\/localhost:8080\\/tour_system\\/public\\/member\\/request\\/view\\/NTA=\",\"level_id\":1,\"upline\":0,\"author\":12}', null, null, null, '::1', 'Mozilla/5.0 (Macintosh; Intel Mac OS X 10.13; rv:62.0) Gecko/20100101 Firefox/62.0', '2018-07-10 15:52:55', '2018-07-10 15:52:55'), ('14', '12', 'Helpers[set_CashFlow]', '50', 'Update', 'Ada Kesalahan pada saat transaksi CashFlow', 'SQLSTATE[42S22]: Column not found: 1054 Unknown column \'id\' in \'where clause\' (SQL: update `user_balances` set `balance` = 25000000, `balance_update` = 2018-07-10 15:56:11, `updated_at` = 2018-07-10 15:56:11 where `id` is null)', '{\"no_transaction\":\"LSI20180710011531212971\",\"nominal\":25000000,\"reference_id\":50,\"flow\":\"IN\",\"date_transaction\":\"2018-07-10 15:56:11\",\"description\":\"Registrasi Member Baru Head Branch\",\"cashflow_type_id\":1,\"user_id\":12,\"is_active\":1,\"url\":\"http:\\/\\/localhost:8080\\/tour_system\\/public\\/member\\/request\\/view\\/NTA=\",\"level_id\":1,\"upline\":0,\"author\":12}', null, null, null, '::1', 'Mozilla/5.0 (Macintosh; Intel Mac OS X 10.13; rv:62.0) Gecko/20100101 Firefox/62.0', '2018-07-10 15:56:12', '2018-07-10 15:56:12'), ('15', '18', 'Edit Profile', '18', 'Update', 'ada kesalahan pada saat perubahan data profil', 'Method Illuminate\\Database\\Query\\Builder::save does not exist.', '{\"name\":\"Head Branch Tess\",\"address\":\"Bambu Apus\",\"phone\":\"081908884313\",\"user_id\":18}', null, null, null, '::1', 'Mozilla/5.0 (Macintosh; Intel Mac OS X 10.13; rv:62.0) Gecko/20100101 Firefox/62.0', '2018-07-12 13:52:35', '2018-07-12 13:52:35'), ('16', '18', 'Edit Profile', '18', 'Update', 'ada kesalahan pada saat perubahan data profil', 'SQLSTATE[42S22]: Column not found: 1054 Unknown column \'id\' in \'where clause\' (SQL: update `user_profiles` set `address` = Bambu Apus, `updated_at` = 2018-07-12 13:54:29 where `id` is null)', '{\"name\":\"Head Branch\",\"address\":\"Bambu Apus\",\"phone\":\"081908884313\",\"user_id\":18}', null, null, null, '::1', 'Mozilla/5.0 (Macintosh; Intel Mac OS X 10.13; rv:62.0) Gecko/20100101 Firefox/62.0', '2018-07-12 13:54:29', '2018-07-12 13:54:29'), ('17', '18', 'User Bank [actionBankInfo]', '0', 'Update', 'Ada kesalahan saat menyimpan data', 'Trying to get property of non-object', '{\"author\":18,\"user_id\":18,\"bank_id\":\"1\",\"account_number\":\"738-031-7421\",\"account_name\":\"Barindra Maslo\",\"statusform\":\"add\"}', null, null, null, '::1', 'Mozilla/5.0 (Macintosh; Intel Mac OS X 10.13; rv:62.0) Gecko/20100101 Firefox/62.0', '2018-07-12 14:57:57', '2018-07-12 14:57:57'), ('18', '18', 'User Bank [actionBankInfo]', '0', 'Update', 'Ada kesalahan saat menyimpan data', 'Trying to get property of non-object', '{\"author\":18,\"user_id\":18,\"bank_id\":\"1\",\"account_number\":\"738-031-7421\",\"account_name\":\"Barindra Maslo\",\"statusform\":\"add\"}', null, null, null, '::1', 'Mozilla/5.0 (Macintosh; Intel Mac OS X 10.13; rv:62.0) Gecko/20100101 Firefox/62.0', '2018-07-12 14:59:42', '2018-07-12 14:59:42'), ('19', '18', 'User Bank [actionBankInfo]', '0', 'Update', 'Ada kesalahan saat menyimpan data', 'Trying to get property of non-object', '{\"author\":18,\"user_id\":18,\"bank_id\":\"1\",\"account_number\":\"738-031-7421\",\"account_name\":\"Barindra Maslo\",\"statusform\":\"add\"}', null, null, null, '::1', 'Mozilla/5.0 (Macintosh; Intel Mac OS X 10.13; rv:62.0) Gecko/20100101 Firefox/62.0', '2018-07-12 15:01:04', '2018-07-12 15:01:04'), ('20', '12', 'Voucher [redeem]', '0', 'Update', 'Ada kesalahan saat redeem voucher ', 'Object of class Illuminate\\Database\\Eloquent\\Builder could not be converted to int', '{\"id\":\"1807XHQ912\",\"author\":12,\"updated_at\":\"2018-07-12 16:43:03\"}', null, null, null, '::1', 'Mozilla/5.0 (Macintosh; Intel Mac OS X 10.13; rv:62.0) Gecko/20100101 Firefox/62.0', '2018-07-12 16:43:03', '2018-07-12 16:43:03'), ('21', '12', 'Voucher [redeem]', '0', 'Update', 'Ada kesalahan saat redeem voucher ', 'Object of class Illuminate\\Database\\Eloquent\\Builder could not be converted to int', '{\"id\":\"1807XHQ912\",\"author\":12,\"updated_at\":\"2018-07-12 16:44:05\"}', null, null, null, '::1', 'Mozilla/5.0 (Macintosh; Intel Mac OS X 10.13; rv:62.0) Gecko/20100101 Firefox/62.0', '2018-07-12 16:44:05', '2018-07-12 16:44:05'), ('22', '12', 'Search Tour [get_quota]', null, 'Update', 'Ada kesalahan saat get_quota', 'Trying to get property of non-object', '{\"author\":12,\"tour_compilation_id\":null}', null, null, null, '::1', 'Mozilla/5.0 (Macintosh; Intel Mac OS X 10.13; rv:62.0) Gecko/20100101 Firefox/62.0', '2018-07-14 21:56:05', '2018-07-14 21:56:05'), ('23', '12', 'Booking [booking]', '0', 'Update', 'Ada kesalahan saat request member', 'SQLSTATE[HY000]: General error: 1366 Incorrect decimal value: \'\' for column \'cost_of_good\' at row 1 (SQL: insert into `bookings` (`no_booking`, `tour_compilation_id`, `title`, `name`, `nik`, `phone`, `email`, `quota`, `cost_of_good`, `selling_price`, `discount`, `additional`, `hpp`, `total`, `margin`, `note`, `booking_date`, `expired_date`, `user_id`, `upline_id`, `head_id`, `created_by`, `updated_by`, `updated_at`, `created_at`) values (1807V4216, 4, Mr., Barindra Maslo, 12345678910, 081908884313, barindra1988@gmail.com, 2, , , , , 0, 0, 0, , 2018-07-16 13:43:48, 2018-07-17 13:43:48, 12, 0, 12, 12, 12, 2018-07-16 13:43:48, 2018-07-16 13:43:48))', '{\"tour_compilation_id\":\"4\",\"title\":\"Mr.\",\"name\":\"Barindra Maslo\",\"nik\":\"12345678910\",\"phone\":\"081908884313\",\"email\":\"barindra1988@gmail.com\",\"quota\":\"2\",\"discount\":null,\"additional\":null,\"note\":null,\"passenger_title\":[\"Mr.\",\"Mrs.\"],\"passenger_name\":[\"Barindra\",\"Ambar\"],\"passenger_phone\":[\"081908884313\",\"081908884313\"],\"user_id\":12,\"created_by\":12,\"updated_by\":12}', null, null, null, '::1', 'Mozilla/5.0 (Macintosh; Intel Mac OS X 10.13; rv:62.0) Gecko/20100101 Firefox/62.0', '2018-07-16 13:43:48', '2018-07-16 13:43:48'), ('24', '12', 'Booking [booking]', '0', 'Update', 'Ada kesalahan saat request member', 'Add [0] to fillable property to allow mass assignment on [App\\Modules\\Booking\\Models\\BookingDetail].', '{\"tour_compilation_id\":\"4\",\"title\":\"Mr.\",\"name\":\"Barindra Maslo\",\"nik\":\"12345678910\",\"phone\":\"081908884313\",\"email\":\"barindra1988@gmail.com\",\"quota\":\"2\",\"discount\":null,\"additional\":null,\"note\":null,\"passenger_title\":[\"Mr.\",\"Mrs.\"],\"passenger_name\":[\"Barindra\",\"Ambar\"],\"passenger_phone\":[\"081908884313\",\"081908884313\"],\"user_id\":12,\"created_by\":12,\"updated_by\":12}', null, null, null, '::1', 'Mozilla/5.0 (Macintosh; Intel Mac OS X 10.13; rv:62.0) Gecko/20100101 Firefox/62.0', '2018-07-16 14:12:52', '2018-07-16 14:12:52'), ('25', '12', 'Level [save_detail_product]', '0', 'Update', 'Ada kesalahan saat menyimpan data ', 'SQLSTATE[HY000]: General error: 1366 Incorrect decimal value: \'\' for column \'commission_nominal\' at row 1 (SQL: insert into `level_comm_products` (`level_id`, `target_level_id`, `commission_percent`, `commission_nominal`, `created_by`, `updated_by`, `updated_at`, `created_at`) values (1, 1, 100.00 , , 12, 12, 2018-07-17 10:20:47, 2018-07-17 10:20:47))', '{\"author\":12,\"id\":null,\"level_id\":\"1\",\"level\":\"Head Office\",\"target_level_id\":\"1\",\"target_level\":\"Head Office\",\"commission_percent\":\"100.00 \",\"commission_percent_display\":\"100.00  %\",\"commission_nominal\":0,\"commission_nominal_display\":\"Rp 0\",\"statusformproduct\":\"add\"}', null, null, null, '::1', 'Mozilla/5.0 (Macintosh; Intel Mac OS X 10.13; rv:62.0) Gecko/20100101 Firefox/62.0', '2018-07-17 10:20:47', '2018-07-17 10:20:47');
COMMIT;

-- ----------------------------
--  Table structure for `audit_logs`
-- ----------------------------
DROP TABLE IF EXISTS `audit_logs`;
CREATE TABLE `audit_logs` (
  `id` int(11) NOT NULL AUTO_INCREMENT,
  `user_id` int(11) DEFAULT NULL,
  `last_login` datetime DEFAULT NULL,
  `last_logout` datetime DEFAULT NULL,
  `ip_address` varchar(16) DEFAULT NULL,
  `created_at` timestamp NULL DEFAULT NULL,
  `updated_at` timestamp NULL DEFAULT NULL,
  `address` text,
  `lat` decimal(10,8) DEFAULT NULL,
  `long` decimal(11,8) DEFAULT NULL,
  `device` varchar(100) DEFAULT NULL,
  PRIMARY KEY (`id`),
  UNIQUE KEY `idx_id` (`id`),
  KEY `idx_user_id` (`user_id`)
) ENGINE=InnoDB AUTO_INCREMENT=511 DEFAULT CHARSET=utf8;

-- ----------------------------
--  Records of `audit_logs`
-- ----------------------------
BEGIN;
INSERT INTO `audit_logs` VALUES ('1', '1', '2017-10-24 06:45:52', null, '::1', '2017-10-24 06:45:52', '2017-10-24 06:45:52', 'New Haven 06510 United States', '41.31000000', '-72.92000000', 'Desktop [Firefox]'), ('2', '1', '2017-10-24 06:46:26', null, '::1', '2017-10-24 06:46:26', '2017-10-24 06:46:26', 'New Haven 06510 United States', '41.31000000', '-72.92000000', 'Desktop [Firefox]'), ('3', '1', null, '2017-10-24 06:47:22', '::1', '2017-10-24 06:47:22', '2017-10-24 06:47:22', 'New Haven 06510 United States', '41.31000000', '-72.92000000', 'Desktop [Firefox]'), ('4', '8', '2017-10-24 07:07:14', null, '::1', '2017-10-24 07:07:14', '2017-10-24 07:07:14', 'New Haven 06510 United States', '41.31000000', '-72.92000000', 'Desktop [Firefox]'), ('5', '1', '2017-10-24 07:59:16', null, '112.215.235.108', '2017-10-24 07:59:16', '2017-10-24 07:59:16', 'Jakarta  Indonesia', '-6.17440000', '106.82940000', 'Mobile [iPhone|Safari]'), ('6', '1', null, '2017-10-24 08:01:47', '122.144.3.157', '2017-10-24 08:01:47', '2017-10-24 08:01:47', 'Jakarta  Indonesia', '-6.17440000', '106.82940000', 'Desktop [Firefox]'), ('7', '1', '2017-10-24 08:01:59', null, '122.144.3.157', '2017-10-24 08:01:59', '2017-10-24 08:01:59', 'Jakarta  Indonesia', '-6.17440000', '106.82940000', 'Desktop [Firefox]'), ('8', '1', null, '2017-10-24 08:04:40', '122.144.3.157', '2017-10-24 08:04:40', '2017-10-24 08:04:40', 'Jakarta  Indonesia', '-6.17440000', '106.82940000', 'Desktop [Firefox]'), ('9', '1', '2017-10-24 08:08:47', null, '122.144.3.157', '2017-10-24 08:08:47', '2017-10-24 08:08:47', 'Jakarta  Indonesia', '-6.17440000', '106.82940000', 'Desktop [Firefox]'), ('10', '1', null, '2017-10-24 08:08:55', '122.144.3.157', '2017-10-24 08:08:55', '2017-10-24 08:08:55', 'Jakarta  Indonesia', '-6.17440000', '106.82940000', 'Desktop [Firefox]'), ('11', '7', '2017-10-24 08:09:20', null, '122.144.3.157', '2017-10-24 08:09:20', '2017-10-24 08:09:20', 'Jakarta  Indonesia', '-6.17440000', '106.82940000', 'Desktop [Firefox]'), ('12', '7', null, '2017-10-24 08:10:03', '122.144.3.157', '2017-10-24 08:10:03', '2017-10-24 08:10:03', 'Jakarta  Indonesia', '-6.17440000', '106.82940000', 'Desktop [Firefox]'), ('13', '5', null, '2017-10-24 08:59:49', '36.88.132.36', '2017-10-24 08:59:49', '2017-10-24 08:59:49', 'Jakarta  Indonesia', '-6.17440000', '106.82940000', 'Mobile [1|Chrome]'), ('14', '4', '2017-10-24 09:00:24', null, '36.88.132.36', '2017-10-24 09:00:24', '2017-10-24 09:00:24', 'Jakarta  Indonesia', '-6.17440000', '106.82940000', 'Mobile [WebKit|Chrome]'), ('15', '4', null, '2017-10-24 09:16:42', '36.88.132.36', '2017-10-24 09:16:42', '2017-10-24 09:16:42', 'Jakarta  Indonesia', '-6.17440000', '106.82940000', 'Desktop [Chrome]'), ('16', '5', '2017-10-24 09:17:14', null, '36.88.132.36', '2017-10-24 09:17:14', '2017-10-24 09:17:14', 'Jakarta  Indonesia', '-6.17440000', '106.82940000', 'Desktop [Chrome]'), ('17', '4', null, '2017-10-24 09:49:57', '36.88.132.36', '2017-10-24 09:49:57', '2017-10-24 09:49:57', 'Jakarta  Indonesia', '-6.17440000', '106.82940000', 'Mobile [1|Chrome]'), ('18', '5', null, '2017-10-24 10:02:48', '36.88.132.36', '2017-10-24 10:02:48', '2017-10-24 10:02:48', 'Jakarta  Indonesia', '-6.17440000', '106.82940000', 'Desktop [Chrome]'), ('19', '5', '2017-10-24 10:12:40', null, '36.88.132.36', '2017-10-24 10:12:40', '2017-10-24 10:12:40', 'Jakarta  Indonesia', '-6.17440000', '106.82940000', 'Desktop [Chrome]'), ('20', '5', null, '2017-10-24 11:32:06', '36.88.132.36', '2017-10-24 11:32:06', '2017-10-24 11:32:06', 'Jakarta  Indonesia', '-6.17440000', '106.82940000', 'Desktop [Chrome]'), ('21', '5', '2017-10-24 11:32:29', null, '36.88.132.36', '2017-10-24 11:32:29', '2017-10-24 11:32:29', 'Jakarta  Indonesia', '-6.17440000', '106.82940000', 'Desktop [Chrome]'), ('22', '5', null, '2017-10-24 11:49:24', '36.88.132.36', '2017-10-24 11:49:24', '2017-10-24 11:49:24', 'Jakarta  Indonesia', '-6.17440000', '106.82940000', 'Desktop [Chrome]'), ('23', '4', '2017-10-24 11:49:46', null, '36.88.132.36', '2017-10-24 11:49:46', '2017-10-24 11:49:46', 'Jakarta  Indonesia', '-6.17440000', '106.82940000', 'Desktop [Chrome]'), ('24', '5', '2017-10-24 13:09:10', null, '112.215.235.111', '2017-10-24 13:09:10', '2017-10-24 13:09:10', 'Jakarta  Indonesia', '-6.17440000', '106.82940000', 'Mobile [WebKit|Chrome]'), ('25', '1', '2017-10-24 15:05:45', null, '202.62.16.249', '2017-10-24 15:05:45', '2017-10-24 15:05:45', 'Jakarta  Indonesia', '-6.17440000', '106.82940000', 'Mobile [iPhone|Safari]'), ('26', '5', '2017-10-25 06:13:59', null, '36.88.132.36', '2017-10-25 06:13:59', '2017-10-25 06:13:59', 'Jakarta  Indonesia', '-6.17440000', '106.82940000', 'Desktop [Chrome]'), ('27', '5', null, '2017-10-25 06:14:06', '36.88.132.36', '2017-10-25 06:14:06', '2017-10-25 06:14:06', 'Jakarta  Indonesia', '-6.17440000', '106.82940000', 'Desktop [Chrome]'), ('28', '4', '2017-10-25 06:14:18', null, '36.88.132.36', '2017-10-25 06:14:18', '2017-10-25 06:14:18', 'Jakarta  Indonesia', '-6.17440000', '106.82940000', 'Desktop [Chrome]'), ('29', '4', null, '2017-10-25 07:36:03', '36.88.132.36', '2017-10-25 07:36:03', '2017-10-25 07:36:03', 'Jakarta  Indonesia', '-6.17440000', '106.82940000', 'Desktop [Chrome]'), ('30', '5', '2017-10-25 07:36:21', null, '36.88.132.36', '2017-10-25 07:36:21', '2017-10-25 07:36:21', 'Jakarta  Indonesia', '-6.17440000', '106.82940000', 'Desktop [Chrome]'), ('31', '4', '2017-10-25 07:47:14', null, '36.88.132.36', '2017-10-25 07:47:14', '2017-10-25 07:47:14', 'Jakarta  Indonesia', '-6.17440000', '106.82940000', 'Desktop [Chrome]'), ('32', '1', '2017-10-25 13:59:55', null, '202.62.18.24', '2017-10-25 13:59:55', '2017-10-25 13:59:55', 'Jakarta  Indonesia', '-6.17440000', '106.82940000', 'Desktop [Safari]'), ('33', '1', null, '2017-10-25 14:05:52', '202.62.18.24', '2017-10-25 14:05:52', '2017-10-25 14:05:52', 'Jakarta  Indonesia', '-6.17440000', '106.82940000', 'Desktop [Safari]'), ('34', '1', '2017-10-25 14:36:00', null, '202.62.18.24', '2017-10-25 14:36:00', '2017-10-25 14:36:00', 'Jakarta  Indonesia', '-6.17440000', '106.82940000', 'Desktop [Safari]'), ('35', '1', null, '2017-10-25 15:11:14', '202.62.18.24', '2017-10-25 15:11:14', '2017-10-25 15:11:14', 'Jakarta  Indonesia', '-6.17440000', '106.82940000', 'Desktop [Safari]'), ('36', '1', '2017-10-25 15:11:31', null, '202.62.18.24', '2017-10-25 15:11:31', '2017-10-25 15:11:31', 'Jakarta  Indonesia', '-6.17440000', '106.82940000', 'Desktop [Safari]'), ('37', '4', '2017-10-25 17:07:38', null, '112.215.65.188', '2017-10-25 17:07:38', '2017-10-25 17:07:38', 'Jakarta  Indonesia', '-6.17440000', '106.82940000', 'Mobile [WebKit|Chrome]'), ('38', '4', null, '2017-10-25 17:17:28', '112.215.65.188', '2017-10-25 17:17:28', '2017-10-25 17:17:28', 'Jakarta  Indonesia', '-6.17440000', '106.82940000', 'Mobile [1|Chrome]'), ('39', '1', '2017-10-26 02:27:12', null, '122.144.3.157', '2017-10-26 02:27:12', '2017-10-26 02:27:12', 'Jakarta  Indonesia', '-6.17440000', '106.82940000', 'Mobile [iPhone|Safari]'), ('40', '4', '2017-10-26 03:06:46', null, '36.88.132.36', '2017-10-26 03:06:46', '2017-10-26 03:06:46', 'Jakarta  Indonesia', '-6.17440000', '106.82940000', 'Desktop [Chrome]'), ('41', '5', '2017-10-26 09:46:24', null, '36.88.132.36', '2017-10-26 09:46:24', '2017-10-26 09:46:24', 'Jakarta  Indonesia', '-6.17440000', '106.82940000', 'Desktop [Chrome]'), ('42', '4', '2017-10-26 10:23:37', null, '114.124.208.40', '2017-10-26 10:23:37', '2017-10-26 10:23:37', 'Jakarta  Indonesia', '-6.17440000', '106.82940000', 'Mobile [WebKit|Chrome]'), ('43', '4', '2017-10-26 12:18:59', null, '36.88.132.36', '2017-10-26 12:18:59', '2017-10-26 12:18:59', 'Jakarta  Indonesia', '-6.17440000', '106.82940000', 'Desktop [Chrome]'), ('44', '1', '2017-10-26 17:09:51', null, '202.62.17.191', '2017-10-26 17:09:51', '2017-10-26 17:09:51', 'Jakarta  Indonesia', '-6.17440000', '106.82940000', 'Desktop [Firefox]'), ('45', '5', '2017-10-26 22:40:43', null, '36.88.132.36', '2017-10-26 22:40:43', '2017-10-26 22:40:43', 'Jakarta  Indonesia', '-6.17440000', '106.82940000', 'Desktop [Chrome]'), ('46', '5', null, '2017-10-26 22:51:03', '36.88.132.36', '2017-10-26 22:51:03', '2017-10-26 22:51:03', 'Jakarta  Indonesia', '-6.17440000', '106.82940000', 'Desktop [Chrome]'), ('47', '4', '2017-10-26 22:51:20', null, '36.88.132.36', '2017-10-26 22:51:20', '2017-10-26 22:51:20', 'Jakarta  Indonesia', '-6.17440000', '106.82940000', 'Desktop [Chrome]'), ('48', '4', '2017-10-26 23:12:47', null, '112.215.171.196', '2017-10-26 23:12:47', '2017-10-26 23:12:47', 'Jakarta  Indonesia', '-6.17440000', '106.82940000', 'Desktop [Chrome]'), ('49', '4', '2017-10-27 01:17:11', null, '36.88.132.36', '2017-10-27 01:17:11', '2017-10-27 01:17:11', 'Jakarta  Indonesia', '-6.17440000', '106.82940000', 'Desktop [Chrome]'), ('50', '1', '2017-10-27 04:31:32', null, '122.144.3.157', '2017-10-27 04:31:32', '2017-10-27 04:31:32', 'Jakarta  Indonesia', '-6.17440000', '106.82940000', 'Desktop [Firefox]'), ('51', '1', null, '2017-10-27 04:31:49', '122.144.3.157', '2017-10-27 04:31:49', '2017-10-27 04:31:49', 'Jakarta  Indonesia', '-6.17440000', '106.82940000', 'Desktop [Firefox]'), ('52', '5', '2017-10-27 05:43:28', null, '112.215.235.153', '2017-10-27 05:43:28', '2017-10-27 05:43:28', 'Jakarta  Indonesia', '-6.17440000', '106.82940000', 'Mobile [WebKit|Chrome]'), ('53', '5', null, '2017-10-27 05:44:15', '112.215.235.153', '2017-10-27 05:44:15', '2017-10-27 05:44:15', 'Jakarta  Indonesia', '-6.17440000', '106.82940000', 'Mobile [1|Chrome]'), ('54', '4', null, '2017-10-27 05:44:26', '36.88.132.36', '2017-10-27 05:44:26', '2017-10-27 05:44:26', 'Jakarta  Indonesia', '-6.17440000', '106.82940000', 'Desktop [Chrome]'), ('55', '5', '2017-10-27 05:44:35', null, '112.215.235.153', '2017-10-27 05:44:35', '2017-10-27 05:44:35', 'Jakarta  Indonesia', '-6.17440000', '106.82940000', 'Mobile [WebKit|Chrome]'), ('56', '5', '2017-10-27 05:44:48', null, '36.88.132.36', '2017-10-27 05:44:48', '2017-10-27 05:44:48', 'Jakarta  Indonesia', '-6.17440000', '106.82940000', 'Desktop [Chrome]'), ('57', '5', null, '2017-10-27 05:45:23', '112.215.235.153', '2017-10-27 05:45:23', '2017-10-27 05:45:23', 'Jakarta  Indonesia', '-6.17440000', '106.82940000', 'Mobile [1|Chrome]'), ('58', '4', '2017-10-27 05:45:45', null, '112.215.235.153', '2017-10-27 05:45:45', '2017-10-27 05:45:45', 'Jakarta  Indonesia', '-6.17440000', '106.82940000', 'Mobile [WebKit|Chrome]'), ('59', '5', null, '2017-10-27 05:46:21', '36.88.132.36', '2017-10-27 05:46:21', '2017-10-27 05:46:21', 'Jakarta  Indonesia', '-6.17440000', '106.82940000', 'Desktop [Chrome]'), ('60', '4', '2017-10-27 05:46:45', null, '36.88.132.36', '2017-10-27 05:46:45', '2017-10-27 05:46:45', 'Jakarta  Indonesia', '-6.17440000', '106.82940000', 'Desktop [Chrome]'), ('61', '1', '2017-10-27 07:30:39', null, '122.144.3.157', '2017-10-27 07:30:39', '2017-10-27 07:30:39', 'Jakarta  Indonesia', '-6.17440000', '106.82940000', 'Desktop [Safari]'), ('62', '1', null, '2017-10-27 09:40:56', '122.144.3.157', '2017-10-27 09:40:56', '2017-10-27 09:40:56', 'Jakarta  Indonesia', '-6.17440000', '106.82940000', 'Desktop [Safari]'), ('63', '1', '2017-10-27 09:41:12', null, '122.144.3.157', '2017-10-27 09:41:12', '2017-10-27 09:41:12', 'Jakarta  Indonesia', '-6.17440000', '106.82940000', 'Desktop [Safari]'), ('64', '1', null, '2017-10-27 09:41:56', '122.144.3.157', '2017-10-27 09:41:56', '2017-10-27 09:41:56', 'Jakarta  Indonesia', '-6.17440000', '106.82940000', 'Desktop [Safari]'), ('65', '1', '2017-10-27 09:52:37', null, '122.144.3.157', '2017-10-27 09:52:37', '2017-10-27 09:52:37', 'Jakarta  Indonesia', '-6.17440000', '106.82940000', 'Desktop [Safari]'), ('66', '5', '2017-10-27 11:04:47', null, '112.215.235.153', '2017-10-27 11:04:47', '2017-10-27 11:04:47', 'Jakarta  Indonesia', '-6.17440000', '106.82940000', 'Mobile [WebKit|Chrome]'), ('67', '5', '2017-10-27 12:33:52', null, '223.255.230.31', '2017-10-27 12:33:52', '2017-10-27 12:33:52', 'Jakarta  Indonesia', '-6.17440000', '106.82940000', 'Desktop [Chrome]'), ('68', '5', null, '2017-10-27 12:37:20', '112.215.201.108', '2017-10-27 12:37:20', '2017-10-27 12:37:20', 'Jakarta  Indonesia', '-6.17440000', '106.82940000', 'Desktop [Chrome]'), ('69', '4', '2017-10-27 12:37:34', null, '112.215.201.108', '2017-10-27 12:37:34', '2017-10-27 12:37:34', 'Jakarta  Indonesia', '-6.17440000', '106.82940000', 'Desktop [Chrome]'), ('70', '1', '2017-10-27 15:06:27', null, '202.62.18.96', '2017-10-27 15:06:27', '2017-10-27 15:06:27', 'Jakarta  Indonesia', '-6.17440000', '106.82940000', 'Desktop [Firefox]'), ('71', '1', null, '2017-10-27 15:20:02', '202.62.18.96', '2017-10-27 15:20:02', '2017-10-27 15:20:02', 'Jakarta  Indonesia', '-6.17440000', '106.82940000', 'Desktop [Firefox]'), ('72', '5', '2017-10-28 02:54:35', null, '103.10.66.68', '2017-10-28 02:54:35', '2017-10-28 02:54:35', 'Jakarta  Indonesia', '-6.17440000', '106.82940000', 'Desktop [Chrome]'), ('73', '5', null, '2017-10-28 03:35:33', '103.10.66.68', '2017-10-28 03:35:33', '2017-10-28 03:35:33', 'Jakarta  Indonesia', '-6.17440000', '106.82940000', 'Desktop [Chrome]'), ('74', '5', '2017-10-28 03:47:48', null, '103.10.66.68', '2017-10-28 03:47:48', '2017-10-28 03:47:48', 'Jakarta  Indonesia', '-6.17440000', '106.82940000', 'Desktop [Chrome]'), ('75', '5', null, '2017-10-28 04:07:48', '103.10.66.68', '2017-10-28 04:07:48', '2017-10-28 04:07:48', 'Jakarta  Indonesia', '-6.17440000', '106.82940000', 'Desktop [Chrome]'), ('76', '4', '2017-10-28 04:08:15', null, '103.10.66.68', '2017-10-28 04:08:15', '2017-10-28 04:08:15', 'Jakarta  Indonesia', '-6.17440000', '106.82940000', 'Desktop [Chrome]'), ('77', '1', '2017-10-28 07:55:15', null, '202.62.18.96', '2017-10-28 07:55:15', '2017-10-28 07:55:15', 'Jakarta  Indonesia', '-6.17440000', '106.82940000', 'Desktop [Firefox]'), ('78', '1', null, '2017-10-28 07:56:41', '202.62.18.96', '2017-10-28 07:56:41', '2017-10-28 07:56:41', 'Jakarta  Indonesia', '-6.17440000', '106.82940000', 'Desktop [Firefox]'), ('79', '7', '2017-10-28 07:57:03', null, '202.62.18.96', '2017-10-28 07:57:03', '2017-10-28 07:57:03', 'Jakarta  Indonesia', '-6.17440000', '106.82940000', 'Desktop [Firefox]'), ('80', '7', null, '2017-10-28 08:01:08', '202.62.18.96', '2017-10-28 08:01:08', '2017-10-28 08:01:08', 'Jakarta  Indonesia', '-6.17440000', '106.82940000', 'Desktop [Firefox]'), ('81', '5', '2017-10-28 08:05:21', null, '112.215.65.126', '2017-10-28 08:05:21', '2017-10-28 08:05:21', 'Jakarta  Indonesia', '-6.17440000', '106.82940000', 'Mobile [WebKit|Chrome]'), ('82', '7', '2017-10-28 08:12:53', null, '202.62.18.96', '2017-10-28 08:12:53', '2017-10-28 08:12:53', 'Jakarta  Indonesia', '-6.17440000', '106.82940000', 'Desktop [Safari]'), ('83', '5', null, '2017-10-28 08:18:03', '112.215.65.126', '2017-10-28 08:18:04', '2017-10-28 08:18:04', 'Jakarta  Indonesia', '-6.17440000', '106.82940000', 'Mobile [1|Chrome]'), ('84', '5', '2017-10-28 08:18:30', null, '112.215.65.126', '2017-10-28 08:18:30', '2017-10-28 08:18:30', 'Jakarta  Indonesia', '-6.17440000', '106.82940000', 'Mobile [WebKit|Chrome]'), ('85', '4', '2017-10-28 08:20:41', null, '114.124.147.116', '2017-10-28 08:20:41', '2017-10-28 08:20:41', 'Tangerang  Indonesia', '-6.17810000', '106.63000000', 'Desktop [Chrome]'), ('86', '7', '2017-10-28 08:33:13', null, '112.215.65.176', '2017-10-28 08:33:13', '2017-10-28 08:33:13', 'Jakarta  Indonesia', '-6.17440000', '106.82940000', 'Mobile [iPhone|Safari]'), ('87', '7', null, '2017-10-28 13:07:31', '202.62.18.96', '2017-10-28 13:07:31', '2017-10-28 13:07:31', 'Jakarta  Indonesia', '-6.17440000', '106.82940000', 'Desktop [Safari]'), ('88', '4', '2017-10-28 13:07:49', null, '202.62.18.96', '2017-10-28 13:07:49', '2017-10-28 13:07:49', 'Jakarta  Indonesia', '-6.17440000', '106.82940000', 'Desktop [Safari]'), ('89', '4', null, '2017-10-28 13:08:24', '202.62.18.96', '2017-10-28 13:08:24', '2017-10-28 13:08:24', 'Jakarta  Indonesia', '-6.17440000', '106.82940000', 'Desktop [Safari]'), ('90', '4', '2017-10-28 13:09:05', null, '202.62.18.96', '2017-10-28 13:09:05', '2017-10-28 13:09:05', 'Jakarta  Indonesia', '-6.17440000', '106.82940000', 'Desktop [Chrome]'), ('91', '4', '2017-10-29 03:35:36', null, '112.215.45.37', '2017-10-29 03:35:36', '2017-10-29 03:35:36', 'Jakarta  Indonesia', '-6.17440000', '106.82940000', 'Mobile [WebKit|Chrome]'), ('92', '5', '2017-10-29 09:31:23', null, '112.215.171.49', '2017-10-29 09:31:23', '2017-10-29 09:31:23', 'Jakarta  Indonesia', '-6.17440000', '106.82940000', 'Mobile [WebKit|Chrome]'), ('93', '5', '2017-10-29 12:02:31', null, '112.215.236.188', '2017-10-29 12:02:31', '2017-10-29 12:02:31', 'Jakarta  Indonesia', '-6.17440000', '106.82940000', 'Mobile [WebKit|Chrome]'), ('94', '5', null, '2017-10-29 12:18:40', '112.215.236.188', '2017-10-29 12:18:40', '2017-10-29 12:18:40', 'Jakarta  Indonesia', '-6.17440000', '106.82940000', 'Mobile [1|Chrome]'), ('95', '5', '2017-10-29 12:18:55', null, '112.215.236.188', '2017-10-29 12:18:55', '2017-10-29 12:18:55', 'Jakarta  Indonesia', '-6.17440000', '106.82940000', 'Mobile [WebKit|Chrome]'), ('96', '5', '2017-10-30 07:55:05', null, '112.215.65.119', '2017-10-30 07:55:05', '2017-10-30 07:55:05', 'Jakarta  Indonesia', '-6.17440000', '106.82940000', 'Mobile [WebKit|Chrome]'), ('97', '5', '2017-10-31 14:20:39', null, '125.161.189.123', '2017-10-31 14:20:39', '2017-10-31 14:20:39', 'Jakarta  Indonesia', '-6.17440000', '106.82940000', 'Desktop [Chrome]'), ('98', '5', null, '2017-10-31 14:36:17', '125.161.189.123', '2017-10-31 14:36:17', '2017-10-31 14:36:17', 'Jakarta  Indonesia', '-6.17440000', '106.82940000', 'Desktop [Chrome]'), ('99', '5', '2017-11-01 02:09:16', null, '112.215.239.12', '2017-11-01 02:09:16', '2017-11-01 02:09:16', 'Jakarta  Indonesia', '-6.17440000', '106.82940000', 'Mobile [WebKit|Chrome]'), ('100', '1', '2017-11-03 03:50:52', null, '122.144.3.157', '2017-11-03 03:50:52', '2017-11-03 03:50:52', 'Jakarta  Indonesia', '-6.17440000', '106.82940000', 'Desktop [Safari]'), ('101', '1', null, '2017-11-03 08:11:02', '122.144.3.157', '2017-11-03 08:11:02', '2017-11-03 08:11:02', 'Jakarta  Indonesia', '-6.17440000', '106.82940000', 'Desktop [Safari]'), ('102', '5', null, '2017-11-04 07:28:28', '112.215.65.182', '2017-11-04 07:28:28', '2017-11-04 07:28:28', 'Jakarta  Indonesia', '-6.17440000', '106.82940000', 'Mobile [1|Safari]'), ('103', '4', null, '2017-11-04 07:32:28', '112.215.65.182', '2017-11-04 07:32:28', '2017-11-04 07:32:28', 'Jakarta  Indonesia', '-6.17440000', '106.82940000', 'Mobile [1|Safari]'), ('104', '5', null, '2017-11-04 07:37:54', '112.215.65.182', '2017-11-04 07:37:54', '2017-11-04 07:37:54', 'Jakarta  Indonesia', '-6.17440000', '106.82940000', 'Mobile [1|Safari]'), ('105', '5', '2017-11-04 07:38:30', null, '112.215.65.182', '2017-11-04 07:38:30', '2017-11-04 07:38:30', 'Jakarta  Indonesia', '-6.17440000', '106.82940000', 'Mobile [iPhone|Safari]'), ('106', '5', null, '2017-11-04 07:38:40', '112.215.65.182', '2017-11-04 07:38:40', '2017-11-04 07:38:40', 'Jakarta  Indonesia', '-6.17440000', '106.82940000', 'Mobile [1|Safari]'), ('107', '4', '2017-11-04 07:39:23', null, '112.215.65.182', '2017-11-04 07:39:23', '2017-11-04 07:39:23', 'Jakarta  Indonesia', '-6.17440000', '106.82940000', 'Mobile [iPhone|Safari]'), ('108', '4', null, '2017-11-04 07:46:52', '112.215.65.182', '2017-11-04 07:46:52', '2017-11-04 07:46:52', 'Jakarta  Indonesia', '-6.17440000', '106.82940000', 'Mobile [1|Safari]'), ('109', '5', '2017-11-04 07:50:04', null, '112.215.65.182', '2017-11-04 07:50:04', '2017-11-04 07:50:04', 'Jakarta  Indonesia', '-6.17440000', '106.82940000', 'Mobile [iPhone|Safari]'), ('110', '5', null, '2017-11-04 07:50:28', '112.215.65.182', '2017-11-04 07:50:28', '2017-11-04 07:50:28', 'Jakarta  Indonesia', '-6.17440000', '106.82940000', 'Mobile [1|Safari]'), ('111', '5', '2017-11-05 03:53:41', null, '112.215.65.18', '2017-11-05 03:53:41', '2017-11-05 03:53:41', 'Jakarta  Indonesia', '-6.17440000', '106.82940000', 'Desktop [Chrome]'), ('112', '5', '2017-11-05 05:00:57', null, '112.215.65.18', '2017-11-05 05:00:57', '2017-11-05 05:00:57', 'Jakarta  Indonesia', '-6.17440000', '106.82940000', 'Desktop [Chrome]'), ('113', '4', '2017-11-05 09:34:55', null, '112.215.65.18', '2017-11-05 09:34:55', '2017-11-05 09:34:55', 'Jakarta  Indonesia', '-6.17440000', '106.82940000', 'Desktop [Chrome]'), ('114', '4', null, '2017-11-05 09:35:16', '112.215.65.18', '2017-11-05 09:35:16', '2017-11-05 09:35:16', 'Jakarta  Indonesia', '-6.17440000', '106.82940000', 'Desktop [Chrome]'), ('115', '4', '2017-11-05 12:56:04', null, '112.215.151.108', '2017-11-05 12:56:04', '2017-11-05 12:56:04', 'Jakarta  Indonesia', '-6.17440000', '106.82940000', 'Mobile [iPhone|Safari]'), ('116', '4', '2017-11-05 12:57:23', null, '112.215.45.63', '2017-11-05 12:57:23', '2017-11-05 12:57:23', 'Jakarta  Indonesia', '-6.17440000', '106.82940000', 'Mobile [WebKit|Chrome]'), ('117', '4', '2017-11-05 13:02:04', null, '114.124.167.84', '2017-11-05 13:02:04', '2017-11-05 13:02:04', 'Jakarta  Indonesia', '-6.17440000', '106.82940000', 'Mobile [WebKit|Chrome]'), ('118', '4', null, '2017-11-05 13:05:15', '112.215.151.108', '2017-11-05 13:05:15', '2017-11-05 13:05:15', 'Jakarta  Indonesia', '-6.17440000', '106.82940000', 'Mobile [1|Safari]'), ('119', '1', '2017-11-05 13:05:42', null, '112.215.151.108', '2017-11-05 13:05:42', '2017-11-05 13:05:42', 'Jakarta  Indonesia', '-6.17440000', '106.82940000', 'Mobile [iPhone|Safari]'), ('120', '1', null, '2017-11-05 13:06:03', '112.215.151.108', '2017-11-05 13:06:03', '2017-11-05 13:06:03', 'Jakarta  Indonesia', '-6.17440000', '106.82940000', 'Mobile [1|Safari]'), ('121', '1', '2017-11-05 13:32:05', null, '112.215.151.108', '2017-11-05 13:32:05', '2017-11-05 13:32:05', 'Jakarta  Indonesia', '-6.17440000', '106.82940000', 'Mobile [iPhone|Safari]'), ('122', '4', null, '2017-11-05 14:02:31', '112.215.45.63', '2017-11-05 14:02:31', '2017-11-05 14:02:31', 'Jakarta  Indonesia', '-6.17440000', '106.82940000', 'Mobile [1|Chrome]'), ('123', '1', null, '2017-11-05 14:03:40', '112.215.151.108', '2017-11-05 14:03:40', '2017-11-05 14:03:40', 'Jakarta  Indonesia', '-6.17440000', '106.82940000', 'Mobile [1|Safari]'), ('124', '5', '2017-11-05 14:09:40', null, '112.215.45.63', '2017-11-05 14:09:40', '2017-11-05 14:09:40', 'Jakarta  Indonesia', '-6.17440000', '106.82940000', 'Mobile [WebKit|Chrome]'), ('125', '4', '2017-11-06 01:59:56', null, '61.94.193.137', '2017-11-06 01:59:56', '2017-11-06 01:59:56', 'Jakarta  Indonesia', '-6.17440000', '106.82940000', 'Desktop [Chrome]'), ('126', '4', '2017-11-06 09:58:35', null, '61.94.193.137', '2017-11-06 09:58:35', '2017-11-06 09:58:35', 'Jakarta  Indonesia', '-6.17440000', '106.82940000', 'Mobile [WebKit|Chrome]'), ('127', '4', null, '2017-11-06 10:04:20', '61.94.193.137', '2017-11-06 10:04:20', '2017-11-06 10:04:20', 'Jakarta  Indonesia', '-6.17440000', '106.82940000', 'Mobile [1|Chrome]'), ('128', '5', '2017-11-06 10:04:45', null, '61.94.193.137', '2017-11-06 10:04:45', '2017-11-06 10:04:45', 'Jakarta  Indonesia', '-6.17440000', '106.82940000', 'Mobile [WebKit|Chrome]'), ('129', '1', '2017-11-06 10:08:48', null, '122.144.3.157', '2017-11-06 10:08:48', '2017-11-06 10:08:48', 'Jakarta  Indonesia', '-6.17440000', '106.82940000', 'Mobile [iPhone|Safari]'), ('130', '4', '2017-11-07 01:44:22', null, '61.94.193.137', '2017-11-07 01:44:22', '2017-11-07 01:44:22', 'Jakarta  Indonesia', '-6.17440000', '106.82940000', 'Desktop [Chrome]'), ('131', '5', '2017-11-07 04:24:34', null, '61.94.193.137', '2017-11-07 04:24:34', '2017-11-07 04:24:34', 'Jakarta  Indonesia', '-6.17440000', '106.82940000', 'Desktop [Chrome]'), ('132', '1', '2017-11-07 06:27:05', null, '122.144.3.157', '2017-11-07 06:27:05', '2017-11-07 06:27:05', 'Jakarta  Indonesia', '-6.17440000', '106.82940000', 'Desktop [Firefox]'), ('133', '1', null, '2017-11-07 06:27:47', '122.144.3.157', '2017-11-07 06:27:47', '2017-11-07 06:27:47', 'Jakarta  Indonesia', '-6.17440000', '106.82940000', 'Desktop [Firefox]'), ('134', '17', '2017-11-07 06:34:16', null, '122.144.3.157', '2017-11-07 06:34:16', '2017-11-07 06:34:16', 'Jakarta  Indonesia', '-6.17440000', '106.82940000', 'Desktop [Firefox]'), ('135', '17', null, '2017-11-07 06:34:21', '122.144.3.157', '2017-11-07 06:34:21', '2017-11-07 06:34:21', 'Jakarta  Indonesia', '-6.17440000', '106.82940000', 'Desktop [Firefox]'), ('136', '17', '2017-11-07 06:37:01', null, '122.144.3.157', '2017-11-07 06:37:01', '2017-11-07 06:37:01', 'Jakarta  Indonesia', '-6.17440000', '106.82940000', 'Desktop [Firefox]'), ('137', '17', null, '2017-11-07 06:37:05', '122.144.3.157', '2017-11-07 06:37:05', '2017-11-07 06:37:05', 'Jakarta  Indonesia', '-6.17440000', '106.82940000', 'Desktop [Firefox]'), ('138', '1', '2017-11-07 06:47:20', null, '122.144.3.157', '2017-11-07 06:47:20', '2017-11-07 06:47:20', 'Jakarta  Indonesia', '-6.17440000', '106.82940000', 'Desktop [Firefox]'), ('139', '1', null, '2017-11-07 07:28:29', '122.144.3.157', '2017-11-07 07:28:29', '2017-11-07 07:28:29', 'Jakarta  Indonesia', '-6.17440000', '106.82940000', 'Desktop [Firefox]'), ('140', '1', '2017-11-07 07:30:34', null, '122.144.3.157', '2017-11-07 07:30:34', '2017-11-07 07:30:34', 'Jakarta  Indonesia', '-6.17440000', '106.82940000', 'Mobile [iPhone|Safari]'), ('141', '4', '2017-11-07 10:50:34', null, '36.88.137.9', '2017-11-07 10:50:34', '2017-11-07 10:50:34', 'Jakarta  Indonesia', '-6.17440000', '106.82940000', 'Desktop [Chrome]'), ('142', '4', null, '2017-11-07 10:50:58', '36.88.137.9', '2017-11-07 10:50:58', '2017-11-07 10:50:58', 'Jakarta  Indonesia', '-6.17440000', '106.82940000', 'Desktop [Chrome]'), ('143', '5', '2017-11-07 10:51:16', null, '36.88.137.9', '2017-11-07 10:51:16', '2017-11-07 10:51:16', 'Jakarta  Indonesia', '-6.17440000', '106.82940000', 'Desktop [Chrome]'), ('144', '5', null, '2017-11-07 10:54:02', '36.88.137.9', '2017-11-07 10:54:02', '2017-11-07 10:54:02', 'Jakarta  Indonesia', '-6.17440000', '106.82940000', 'Desktop [Chrome]'), ('145', '4', '2017-11-07 10:54:20', null, '36.88.137.9', '2017-11-07 10:54:20', '2017-11-07 10:54:20', 'Jakarta  Indonesia', '-6.17440000', '106.82940000', 'Desktop [Chrome]'), ('146', '4', null, '2017-11-07 10:55:28', '36.88.137.9', '2017-11-07 10:55:28', '2017-11-07 10:55:28', 'Jakarta  Indonesia', '-6.17440000', '106.82940000', 'Desktop [Chrome]'), ('147', '1', '2017-11-07 14:48:56', null, '202.62.16.41', '2017-11-07 14:48:57', '2017-11-07 14:48:57', 'Jakarta  Indonesia', '-6.17440000', '106.82940000', 'Desktop [Firefox]'), ('148', '1', null, '2017-11-07 14:50:59', '202.62.16.41', '2017-11-07 14:50:59', '2017-11-07 14:50:59', 'Jakarta  Indonesia', '-6.17440000', '106.82940000', 'Desktop [Firefox]'), ('149', '1', '2017-11-08 10:10:39', null, '122.144.3.157', '2017-11-08 10:10:39', '2017-11-08 10:10:39', 'Jakarta  Indonesia', '-6.17440000', '106.82940000', 'Mobile [iPhone|Safari]'), ('150', '5', '2017-11-08 12:34:33', null, '112.215.45.132', '2017-11-08 12:34:33', '2017-11-08 12:34:33', 'Jakarta  Indonesia', '-6.17440000', '106.82940000', 'Mobile [WebKit|Chrome]'), ('151', '5', null, '2017-11-08 12:34:54', '112.215.45.132', '2017-11-08 12:34:54', '2017-11-08 12:34:54', 'Jakarta  Indonesia', '-6.17440000', '106.82940000', 'Mobile [1|Chrome]'), ('152', '4', '2017-11-08 12:35:21', null, '112.215.45.132', '2017-11-08 12:35:21', '2017-11-08 12:35:21', 'Jakarta  Indonesia', '-6.17440000', '106.82940000', 'Mobile [WebKit|Chrome]'), ('153', '4', null, '2017-11-08 12:36:45', '112.215.45.132', '2017-11-08 12:36:45', '2017-11-08 12:36:45', 'Jakarta  Indonesia', '-6.17440000', '106.82940000', 'Mobile [1|Chrome]'), ('154', '5', '2017-11-08 12:37:06', null, '112.215.45.132', '2017-11-08 12:37:06', '2017-11-08 12:37:06', 'Jakarta  Indonesia', '-6.17440000', '106.82940000', 'Mobile [WebKit|Chrome]'), ('155', '5', '2017-11-09 09:35:51', null, '36.84.13.245', '2017-11-09 09:35:51', '2017-11-09 09:35:51', 'Jakarta  Indonesia', '-6.17440000', '106.82940000', 'Mobile [WebKit|Chrome]'), ('156', '1', '2017-11-10 03:19:00', null, '122.144.3.157', '2017-11-10 03:19:00', '2017-11-10 03:19:00', 'Jakarta  Indonesia', '-6.17440000', '106.82940000', 'Mobile [iPhone|Safari]'), ('157', '1', '2017-11-10 04:27:39', null, '122.144.3.157', '2017-11-10 04:27:39', '2017-11-10 04:27:39', 'Jakarta  Indonesia', '-6.17440000', '106.82940000', 'Desktop [Firefox]'), ('158', '1', null, '2017-11-10 04:27:47', '122.144.3.157', '2017-11-10 04:27:47', '2017-11-10 04:27:47', 'Jakarta  Indonesia', '-6.17440000', '106.82940000', 'Desktop [Firefox]'), ('159', '5', '2017-11-10 04:30:03', null, '114.124.181.81', '2017-11-10 04:30:03', '2017-11-10 04:30:03', 'Jakarta  Indonesia', '-6.17440000', '106.82940000', 'Mobile [WebKit|Chrome]'), ('160', '5', '2017-11-10 08:52:50', null, '114.124.212.34', '2017-11-10 08:52:50', '2017-11-10 08:52:50', 'Jakarta  Indonesia', '-6.17440000', '106.82940000', 'Desktop [Chrome]'), ('161', '1', '2017-11-13 09:34:32', null, '122.144.3.157', '2017-11-13 09:34:32', '2017-11-13 09:34:32', 'Jakarta  Indonesia', '-6.17440000', '106.82940000', 'Desktop [Firefox]'), ('162', '1', '2017-11-13 09:39:56', null, '112.215.239.61', '2017-11-13 09:39:56', '2017-11-13 09:39:56', 'Jakarta  Indonesia', '-6.17440000', '106.82940000', 'Mobile [iPhone|Safari]'), ('163', '1', null, '2017-11-13 09:40:40', '112.215.239.61', '2017-11-13 09:40:40', '2017-11-13 09:40:40', 'Jakarta  Indonesia', '-6.17440000', '106.82940000', 'Mobile [1|Safari]'), ('164', '9', '2017-11-13 09:49:36', null, '112.215.235.163', '2017-11-13 09:49:36', '2017-11-13 09:49:36', 'Jakarta  Indonesia', '-6.17440000', '106.82940000', 'Mobile [iPhone|Safari]'), ('165', '5', '2017-11-13 10:36:57', null, '36.84.13.245', '2017-11-13 10:36:57', '2017-11-13 10:36:57', 'Jakarta  Indonesia', '-6.17440000', '106.82940000', 'Desktop [Chrome]'), ('166', '5', null, '2017-11-13 10:38:32', '36.84.13.245', '2017-11-13 10:38:32', '2017-11-13 10:38:32', 'Jakarta  Indonesia', '-6.17440000', '106.82940000', 'Desktop [Chrome]'), ('167', '5', '2017-11-14 06:09:12', null, '36.84.13.245', '2017-11-14 06:09:13', '2017-11-14 06:09:13', 'Jakarta  Indonesia', '-6.17440000', '106.82940000', 'Desktop [Chrome]'), ('168', '5', '2017-11-15 12:00:53', null, '180.244.235.252', '2017-11-15 12:00:56', '2017-11-15 12:00:56', 'Bogor  Indonesia', '-6.59440000', '106.78920000', 'Desktop [Chrome]'), ('169', '5', '2017-11-16 04:39:24', null, '116.197.135.34', '2017-11-16 04:39:24', '2017-11-16 04:39:24', 'Jakarta  Indonesia', '-6.17440000', '106.82940000', 'Desktop [Chrome]'), ('170', '5', null, '2017-11-16 04:48:20', '116.197.135.34', '2017-11-16 04:48:20', '2017-11-16 04:48:20', 'Jakarta  Indonesia', '-6.17440000', '106.82940000', 'Desktop [Chrome]'), ('171', '5', '2017-11-17 09:11:13', null, '116.206.29.21', '2017-11-17 09:11:13', '2017-11-17 09:11:13', 'Jakarta  Indonesia', '-6.17440000', '106.82940000', 'Desktop [Chrome]'), ('172', '1', '2017-11-17 09:31:34', null, '122.144.3.157', '2017-11-17 09:31:34', '2017-11-17 09:31:34', 'Jakarta  Indonesia', '-6.17440000', '106.82940000', 'Desktop [Firefox]'), ('173', '5', null, '2017-11-17 09:38:37', '116.206.29.21', '2017-11-17 09:38:37', '2017-11-17 09:38:37', 'Jakarta  Indonesia', '-6.17440000', '106.82940000', 'Desktop [Chrome]'), ('174', '5', '2017-11-17 09:45:51', null, '116.206.29.21', '2017-11-17 09:45:51', '2017-11-17 09:45:51', 'Jakarta  Indonesia', '-6.17440000', '106.82940000', 'Desktop [Chrome]'), ('175', '1', null, '2017-11-17 09:46:02', '122.144.3.157', '2017-11-17 09:46:02', '2017-11-17 09:46:02', 'Jakarta  Indonesia', '-6.17440000', '106.82940000', 'Desktop [Firefox]'), ('176', '9', '2017-11-17 16:05:56', null, '202.62.19.2', '2017-11-17 16:05:56', '2017-11-17 16:05:56', 'Jakarta  Indonesia', '-6.17440000', '106.82940000', 'Desktop [Chrome]'), ('177', '9', null, '2017-11-17 16:07:50', '202.62.19.2', '2017-11-17 16:07:50', '2017-11-17 16:07:50', 'Jakarta  Indonesia', '-6.17440000', '106.82940000', 'Desktop [Chrome]'), ('178', '1', '2017-11-18 04:02:04', null, '202.62.19.2', '2017-11-18 04:02:04', '2017-11-18 04:02:04', 'Jakarta  Indonesia', '-6.17440000', '106.82940000', 'Desktop [Chrome]'), ('179', '1', null, '2017-11-18 04:03:59', '202.62.19.2', '2017-11-18 04:03:59', '2017-11-18 04:03:59', 'Jakarta  Indonesia', '-6.17440000', '106.82940000', 'Desktop [Chrome]'), ('180', '9', '2017-11-21 08:51:39', null, '122.144.3.157', '2017-11-21 08:51:39', '2017-11-21 08:51:39', 'Jakarta  Indonesia', '-6.17440000', '106.82940000', 'Desktop [Safari]'), ('181', '5', '2017-11-21 10:13:29', null, '180.244.235.252', '2017-11-21 10:13:29', '2017-11-21 10:13:29', 'Bogor  Indonesia', '-6.59440000', '106.78920000', 'Desktop [Chrome]'), ('182', '9', '2017-11-21 10:21:21', null, '122.144.3.157', '2017-11-21 10:21:21', '2017-11-21 10:21:21', 'Jakarta  Indonesia', '-6.17440000', '106.82940000', 'Desktop [Chrome]'), ('183', '5', '2017-11-22 14:22:47', null, '36.71.164.11', '2017-11-22 14:22:47', '2017-11-22 14:22:47', 'Bogor  Indonesia', '-6.59440000', '106.78920000', 'Desktop [Chrome]'), ('184', '9', '2017-11-22 16:02:00', null, '112.215.238.179', '2017-11-22 16:02:00', '2017-11-22 16:02:00', 'Rw 02  Indonesia', '-6.22961000', '106.82700000', 'Mobile [iPhone|Safari]'), ('185', '5', null, '2017-11-22 21:46:27', '112.215.235.177', '2017-11-22 21:46:27', '2017-11-22 21:46:27', 'Jakarta  Indonesia', '-6.17440000', '106.82940000', 'Desktop [Chrome]'), ('186', '5', '2017-11-22 21:46:44', null, '112.215.235.177', '2017-11-22 21:46:44', '2017-11-22 21:46:44', 'Jakarta  Indonesia', '-6.17440000', '106.82940000', 'Desktop [Chrome]'), ('187', '5', '2017-11-24 15:06:09', null, '112.215.171.16', '2017-11-24 15:06:09', '2017-11-24 15:06:09', 'Jakarta  Indonesia', '-6.17440000', '106.82940000', 'Mobile [WebKit|Chrome]'), ('188', '5', '2017-11-24 19:26:21', null, '112.215.235.41', '2017-11-24 19:26:21', '2017-11-24 19:26:21', 'Jakarta  Indonesia', '-6.17440000', '106.82940000', 'Mobile [WebKit|Chrome]'), ('189', '5', '2017-11-24 19:28:03', null, '223.255.229.1', '2017-11-24 19:28:03', '2017-11-24 19:28:03', 'Jakarta  Indonesia', '-6.17440000', '106.82940000', 'Desktop [Chrome]'), ('190', '1', '2017-11-24 23:11:10', null, '202.62.18.74', '2017-11-24 23:11:10', '2017-11-24 23:11:10', 'Jakarta  Indonesia', '-6.17440000', '106.82940000', 'Desktop [Safari]'), ('191', '1', null, '2017-11-24 23:12:26', '202.62.18.74', '2017-11-24 23:12:26', '2017-11-24 23:12:26', 'Jakarta  Indonesia', '-6.17440000', '106.82940000', 'Desktop [Safari]'), ('192', '8', '2017-11-24 23:36:08', null, '202.62.18.74', '2017-11-24 23:36:08', '2017-11-24 23:36:08', 'Jakarta  Indonesia', '-6.17440000', '106.82940000', 'Mobile [iPhone|Safari]'), ('193', '8', null, '2017-11-24 23:37:02', '202.62.18.74', '2017-11-24 23:37:02', '2017-11-24 23:37:02', 'Jakarta  Indonesia', '-6.17440000', '106.82940000', 'Mobile [1|Safari]'), ('194', '1', '2017-11-24 23:37:18', null, '202.62.18.74', '2017-11-24 23:37:18', '2017-11-24 23:37:18', 'Jakarta  Indonesia', '-6.17440000', '106.82940000', 'Mobile [iPhone|Safari]'), ('195', '1', '2017-11-27 14:45:20', null, '112.215.200.132', '2017-11-27 14:45:20', '2017-11-27 14:45:20', 'Rw 02  Indonesia', '-6.22961000', '106.82700000', 'Mobile [iPhone|Safari]'), ('196', '1', null, '2017-11-27 14:46:46', '112.215.200.132', '2017-11-27 14:46:46', '2017-11-27 14:46:46', 'Rw 02  Indonesia', '-6.22961000', '106.82700000', 'Mobile [1|Safari]'), ('197', '5', '2017-11-29 11:12:26', null, '202.62.16.8', '2017-11-29 11:12:26', '2017-11-29 11:12:26', 'Jakarta  Indonesia', '-6.17440000', '106.82940000', 'Desktop [Chrome]'), ('198', '5', '2017-11-29 16:54:33', null, '114.124.208.90', '2017-11-29 16:54:33', '2017-11-29 16:54:33', 'Jakarta  Indonesia', '-6.17440000', '106.82940000', 'Desktop [Chrome]'), ('199', '5', null, '2017-11-29 17:08:10', '114.124.208.90', '2017-11-29 17:08:10', '2017-11-29 17:08:10', 'Jakarta  Indonesia', '-6.17440000', '106.82940000', 'Desktop [Chrome]'), ('200', '5', '2017-12-01 13:55:18', null, '180.244.232.90', '2017-12-01 13:55:18', '2017-12-01 13:55:18', 'Bogor  Indonesia', '-6.59440000', '106.78920000', 'Desktop [Chrome]'), ('201', '5', null, '2017-12-01 13:58:55', '112.215.152.248', '2017-12-01 13:58:55', '2017-12-01 13:58:55', 'Jakarta  Indonesia', '-6.17440000', '106.82940000', 'Desktop [Chrome]'), ('202', '16', '2017-12-01 14:16:14', null, '112.215.152.248', '2017-12-01 14:16:14', '2017-12-01 14:16:14', 'Jakarta  Indonesia', '-6.17440000', '106.82940000', 'Desktop [Chrome]'), ('203', '16', null, '2017-12-01 14:16:28', '112.215.152.248', '2017-12-01 14:16:28', '2017-12-01 14:16:28', 'Jakarta  Indonesia', '-6.17440000', '106.82940000', 'Desktop [Chrome]'), ('204', '5', '2017-12-01 14:17:25', null, '112.215.152.248', '2017-12-01 14:17:25', '2017-12-01 14:17:25', 'Jakarta  Indonesia', '-6.17440000', '106.82940000', 'Desktop [Chrome]'), ('205', '5', null, '2017-12-01 14:17:52', '112.215.152.248', '2017-12-01 14:17:52', '2017-12-01 14:17:52', 'Jakarta  Indonesia', '-6.17440000', '106.82940000', 'Desktop [Chrome]'), ('206', '4', '2017-12-01 14:33:32', null, '112.215.152.248', '2017-12-01 14:33:32', '2017-12-01 14:33:32', 'Jakarta  Indonesia', '-6.17440000', '106.82940000', 'Desktop [Chrome]'), ('207', '4', null, '2017-12-01 14:39:53', '112.215.152.248', '2017-12-01 14:39:53', '2017-12-01 14:39:53', 'Jakarta  Indonesia', '-6.17440000', '106.82940000', 'Desktop [Chrome]'), ('208', '5', '2017-12-01 14:40:05', null, '112.215.152.248', '2017-12-01 14:40:05', '2017-12-01 14:40:05', 'Jakarta  Indonesia', '-6.17440000', '106.82940000', 'Desktop [Chrome]'), ('209', '5', null, '2017-12-01 14:40:33', '112.215.152.248', '2017-12-01 14:40:33', '2017-12-01 14:40:33', 'Jakarta  Indonesia', '-6.17440000', '106.82940000', 'Desktop [Chrome]'), ('210', '4', '2017-12-01 14:40:47', null, '112.215.152.248', '2017-12-01 14:40:47', '2017-12-01 14:40:47', 'Jakarta  Indonesia', '-6.17440000', '106.82940000', 'Desktop [Chrome]'), ('211', '4', null, '2017-12-01 14:41:47', '112.215.152.248', '2017-12-01 14:41:47', '2017-12-01 14:41:47', 'Jakarta  Indonesia', '-6.17440000', '106.82940000', 'Desktop [Chrome]'), ('212', '5', '2017-12-01 14:42:21', null, '112.215.152.248', '2017-12-01 14:42:21', '2017-12-01 14:42:21', 'Jakarta  Indonesia', '-6.17440000', '106.82940000', 'Desktop [Chrome]'), ('213', '1', '2017-12-03 01:05:42', null, '202.62.18.96', '2017-12-03 01:05:42', '2017-12-03 01:05:42', 'Jakarta  Indonesia', '-6.17440000', '106.82940000', 'Desktop [Firefox]'), ('214', '1', null, '2017-12-03 01:06:47', '202.62.18.96', '2017-12-03 01:06:47', '2017-12-03 01:06:47', 'Jakarta  Indonesia', '-6.17440000', '106.82940000', 'Desktop [Firefox]'), ('215', '9', '2017-12-03 01:07:11', null, '202.62.18.96', '2017-12-03 01:07:11', '2017-12-03 01:07:11', 'Jakarta  Indonesia', '-6.17440000', '106.82940000', 'Desktop [Firefox]'), ('216', '9', null, '2017-12-03 01:07:35', '202.62.18.96', '2017-12-03 01:07:35', '2017-12-03 01:07:35', 'Jakarta  Indonesia', '-6.17440000', '106.82940000', 'Desktop [Firefox]'), ('217', '1', '2017-12-03 01:07:48', null, '202.62.18.96', '2017-12-03 01:07:48', '2017-12-03 01:07:48', 'Jakarta  Indonesia', '-6.17440000', '106.82940000', 'Desktop [Firefox]'), ('218', '1', null, '2017-12-03 01:08:54', '202.62.18.96', '2017-12-03 01:08:54', '2017-12-03 01:08:54', 'Jakarta  Indonesia', '-6.17440000', '106.82940000', 'Desktop [Firefox]'), ('219', '9', '2017-12-03 01:09:08', null, '202.62.18.96', '2017-12-03 01:09:08', '2017-12-03 01:09:08', 'Jakarta  Indonesia', '-6.17440000', '106.82940000', 'Desktop [Firefox]'), ('220', '1', '2017-12-03 10:59:19', null, '202.62.18.96', '2017-12-03 10:59:19', '2017-12-03 10:59:19', 'Jakarta  Indonesia', '-6.17440000', '106.82940000', 'Desktop [Safari]'), ('221', '8', '2017-12-03 10:59:45', null, '202.62.18.96', '2017-12-03 10:59:45', '2017-12-03 10:59:45', 'Jakarta  Indonesia', '-6.17440000', '106.82940000', 'Desktop [Firefox]'), ('222', '5', '2017-12-03 11:38:19', null, '114.124.232.254', '2017-12-03 11:38:19', '2017-12-03 11:38:19', 'Jakarta  Indonesia', '-6.17440000', '106.82940000', 'Mobile [WebKit|Chrome]'), ('223', '5', '2017-12-03 12:55:13', null, '180.178.98.62', '2017-12-03 12:55:13', '2017-12-03 12:55:13', 'Jakarta  Indonesia', '-6.17440000', '106.82940000', 'Desktop [Chrome]'), ('224', '5', '2017-12-04 17:56:21', null, '180.245.46.113', '2017-12-04 17:56:21', '2017-12-04 17:56:21', 'Bogor  Indonesia', '-6.59440000', '106.78920000', 'Desktop [Chrome]'), ('225', '5', '2017-12-05 13:43:19', null, '180.245.46.113', '2017-12-05 13:43:19', '2017-12-05 13:43:19', 'Bogor  Indonesia', '-6.59440000', '106.78920000', 'Desktop [Chrome]'), ('226', '1', '2017-12-06 11:07:34', null, '122.144.3.157', '2017-12-06 11:07:34', '2017-12-06 11:07:34', 'Jakarta  Indonesia', '-6.17440000', '106.82940000', 'Desktop [Safari]'), ('227', '5', '2017-12-06 14:59:34', null, '180.245.46.113', '2017-12-06 14:59:34', '2017-12-06 14:59:34', 'Bogor  Indonesia', '-6.59440000', '106.78920000', 'Desktop [Chrome]'), ('228', '7', '2017-12-06 15:12:24', null, '180.245.46.113', '2017-12-06 15:12:24', '2017-12-06 15:12:24', 'Bogor  Indonesia', '-6.59440000', '106.78920000', 'Desktop [Chrome]'), ('229', '5', '2017-12-07 14:23:35', null, '180.245.46.113', '2017-12-07 14:23:35', '2017-12-07 14:23:35', 'Bogor  Indonesia', '-6.59440000', '106.78920000', 'Mobile [WebKit|Chrome]'), ('230', '5', '2017-12-07 14:25:28', null, '180.245.46.113', '2017-12-07 14:25:28', '2017-12-07 14:25:28', 'Bogor  Indonesia', '-6.59440000', '106.78920000', 'Mobile [WebKit|Chrome]'), ('231', '5', '2017-12-09 18:12:57', null, '112.215.201.74', '2017-12-09 18:12:57', '2017-12-09 18:12:57', 'Jakarta  Indonesia', '-6.17440000', '106.82940000', 'Mobile [WebKit|Chrome]'), ('232', '1', '2017-12-11 13:54:14', null, '112.215.235.246', '2017-12-11 13:54:14', '2017-12-11 13:54:14', 'Jakarta  Indonesia', '-6.17440000', '106.82940000', 'Mobile [iPhone|Safari]'), ('233', '5', '2017-12-11 15:29:15', null, '112.215.171.155', '2017-12-11 15:29:15', '2017-12-11 15:29:15', 'Jakarta  Indonesia', '-6.17440000', '106.82940000', 'Desktop [Chrome]'), ('234', '1', '2017-12-11 23:21:11', null, '202.62.17.38', '2017-12-11 23:21:11', '2017-12-11 23:21:11', 'Jakarta  Indonesia', '-6.17440000', '106.82940000', 'Desktop [Safari]'), ('235', '1', '2017-12-13 11:29:47', null, '122.144.3.157', '2017-12-13 11:29:47', '2017-12-13 11:29:47', 'Jakarta  Indonesia', '-6.17440000', '106.82940000', 'Desktop [Safari]'), ('236', '9', '2017-12-13 11:30:19', null, '122.144.3.157', '2017-12-13 11:30:19', '2017-12-13 11:30:19', 'Jakarta  Indonesia', '-6.17440000', '106.82940000', 'Desktop [Firefox]'), ('237', '9', null, '2017-12-13 12:25:21', '122.144.3.157', '2017-12-13 12:25:21', '2017-12-13 12:25:21', 'Jakarta  Indonesia', '-6.17440000', '106.82940000', 'Desktop [Firefox]'), ('238', '1', '2017-12-15 16:10:25', null, '122.144.3.157', '2017-12-15 16:10:25', '2017-12-15 16:10:25', 'Jakarta  Indonesia', '-6.17440000', '106.82940000', 'Desktop [Safari]'), ('239', '5', '2017-12-19 16:21:03', null, '180.244.234.238', '2017-12-19 16:21:04', '2017-12-19 16:21:04', 'Jakarta  Indonesia', '-6.17440000', '106.82940000', 'Desktop [Chrome]'), ('240', '5', null, '2017-12-19 16:24:33', '180.244.234.238', '2017-12-19 16:24:33', '2017-12-19 16:24:33', 'Jakarta  Indonesia', '-6.17440000', '106.82940000', 'Desktop [Chrome]'), ('241', '4', '2017-12-19 16:24:44', null, '180.244.234.238', '2017-12-19 16:24:44', '2017-12-19 16:24:44', 'Jakarta  Indonesia', '-6.17440000', '106.82940000', 'Desktop [Chrome]'), ('242', '4', '2017-12-19 16:30:04', null, '180.244.234.238', '2017-12-19 16:30:04', '2017-12-19 16:30:04', 'Jakarta  Indonesia', '-6.17440000', '106.82940000', 'Desktop [Chrome]'), ('243', '4', null, '2017-12-19 16:40:50', '180.244.234.238', '2017-12-19 16:40:50', '2017-12-19 16:40:50', 'Jakarta  Indonesia', '-6.17440000', '106.82940000', 'Desktop [Chrome]'), ('244', '5', '2017-12-19 16:41:53', null, '180.244.234.238', '2017-12-19 16:41:53', '2017-12-19 16:41:53', 'Jakarta  Indonesia', '-6.17440000', '106.82940000', 'Desktop [Chrome]'), ('245', '4', '2017-12-19 16:42:17', null, '180.244.234.238', '2017-12-19 16:42:17', '2017-12-19 16:42:17', 'Jakarta  Indonesia', '-6.17440000', '106.82940000', 'Desktop [Chrome]'), ('246', '5', '2017-12-19 16:47:48', null, '180.244.234.238', '2017-12-19 16:47:48', '2017-12-19 16:47:48', 'Jakarta  Indonesia', '-6.17440000', '106.82940000', 'Desktop [Chrome]'), ('247', '4', null, '2017-12-19 16:57:19', '180.244.234.238', '2017-12-19 16:57:19', '2017-12-19 16:57:19', 'Jakarta  Indonesia', '-6.17440000', '106.82940000', 'Desktop [Chrome]'), ('248', '5', '2017-12-19 16:57:42', null, '180.244.234.238', '2017-12-19 16:57:42', '2017-12-19 16:57:42', 'Jakarta  Indonesia', '-6.17440000', '106.82940000', 'Desktop [Chrome]'), ('249', '4', null, '2017-12-19 17:11:08', '180.244.234.238', '2017-12-19 17:11:08', '2017-12-19 17:11:08', 'Jakarta  Indonesia', '-6.17440000', '106.82940000', 'Desktop [Chrome]'), ('250', '5', '2017-12-19 17:20:01', null, '180.244.234.238', '2017-12-19 17:20:01', '2017-12-19 17:20:01', 'Jakarta  Indonesia', '-6.17440000', '106.82940000', 'Desktop [Chrome]'), ('251', '5', '2017-12-20 13:23:02', null, '180.244.234.238', '2017-12-20 13:23:02', '2017-12-20 13:23:02', 'Jakarta  Indonesia', '-6.17440000', '106.82940000', 'Desktop [Chrome]'), ('252', '1', '2017-12-20 16:27:36', null, '122.144.3.157', '2017-12-20 16:27:37', '2017-12-20 16:27:37', 'Jakarta  Indonesia', '-6.17440000', '106.82940000', 'Desktop [Firefox]'), ('253', '1', null, '2017-12-20 16:53:06', '122.144.3.157', '2017-12-20 16:53:06', '2017-12-20 16:53:06', 'Jakarta  Indonesia', '-6.17440000', '106.82940000', 'Desktop [Firefox]'), ('254', '5', '2017-12-20 16:53:45', null, '122.144.3.157', '2017-12-20 16:53:45', '2017-12-20 16:53:45', 'Jakarta  Indonesia', '-6.17440000', '106.82940000', 'Desktop [Firefox]'), ('255', '5', null, '2017-12-20 16:54:30', '122.144.3.157', '2017-12-20 16:54:30', '2017-12-20 16:54:30', 'Jakarta  Indonesia', '-6.17440000', '106.82940000', 'Desktop [Firefox]'), ('256', '1', '2017-12-20 16:59:55', null, '122.144.3.157', '2017-12-20 16:59:55', '2017-12-20 16:59:55', 'Jakarta  Indonesia', '-6.17440000', '106.82940000', 'Desktop [Firefox]'), ('257', '1', null, '2017-12-20 17:01:28', '122.144.3.157', '2017-12-20 17:01:28', '2017-12-20 17:01:28', 'Jakarta  Indonesia', '-6.17440000', '106.82940000', 'Desktop [Firefox]'), ('258', '1', '2017-12-20 17:09:24', null, '122.144.3.157', '2017-12-20 17:09:24', '2017-12-20 17:09:24', 'Jakarta  Indonesia', '-6.17440000', '106.82940000', 'Desktop [Safari]'), ('259', '9', '2017-12-20 17:10:50', null, '122.144.3.157', '2017-12-20 17:10:50', '2017-12-20 17:10:50', 'Jakarta  Indonesia', '-6.17440000', '106.82940000', 'Desktop [Firefox]'), ('260', '9', null, '2017-12-20 17:49:50', '122.144.3.157', '2017-12-20 17:49:50', '2017-12-20 17:49:50', 'Jakarta  Indonesia', '-6.17440000', '106.82940000', 'Desktop [Firefox]'), ('261', '9', '2017-12-21 10:43:11', null, '202.62.19.9', '2017-12-21 10:43:11', '2017-12-21 10:43:11', 'Jakarta  Indonesia', '-6.17440000', '106.82940000', 'Desktop [Firefox]'), ('262', '9', null, '2017-12-21 10:46:05', '202.62.19.9', '2017-12-21 10:46:05', '2017-12-21 10:46:05', 'Jakarta  Indonesia', '-6.17440000', '106.82940000', 'Desktop [Firefox]'), ('263', '9', '2017-12-21 11:29:33', null, '202.62.19.9', '2017-12-21 11:29:33', '2017-12-21 11:29:33', 'Jakarta  Indonesia', '-6.17440000', '106.82940000', 'Desktop [Firefox]'), ('264', '9', null, '2017-12-21 11:31:00', '202.62.19.9', '2017-12-21 11:31:00', '2017-12-21 11:31:00', 'Jakarta  Indonesia', '-6.17440000', '106.82940000', 'Desktop [Firefox]'), ('265', '5', '2017-12-21 14:40:53', null, '180.244.234.238', '2017-12-21 14:40:53', '2017-12-21 14:40:53', 'Jakarta  Indonesia', '-6.17440000', '106.82940000', 'Desktop [Chrome]'), ('266', '5', null, '2017-12-21 14:45:05', '180.244.234.238', '2017-12-21 14:45:05', '2017-12-21 14:45:05', 'Jakarta  Indonesia', '-6.17440000', '106.82940000', 'Desktop [Chrome]'), ('267', '5', null, '2017-12-21 14:45:07', '180.244.234.238', '2017-12-21 14:45:07', '2017-12-21 14:45:07', 'Jakarta  Indonesia', '-6.17440000', '106.82940000', 'Desktop [Chrome]'), ('268', '5', '2017-12-23 10:59:56', null, '114.124.236.70', '2017-12-23 10:59:56', '2017-12-23 10:59:56', 'Jakarta  Indonesia', '-6.17440000', '106.82940000', 'Mobile [WebKit|Chrome]'), ('269', '5', '2017-12-24 11:54:45', null, '112.215.236.177', '2017-12-24 11:54:46', '2017-12-24 11:54:46', 'Jakarta  Indonesia', '-6.17440000', '106.82940000', 'Mobile [WebKit|Chrome]'), ('270', '5', '2017-12-24 16:37:16', null, '103.229.200.70', '2017-12-24 16:37:16', '2017-12-24 16:37:16', 'Desa Jatirahayu  Indonesia', '-6.29339000', '106.91700000', 'Mobile [WebKit|Chrome]'), ('271', '5', null, '2017-12-24 16:55:12', '103.229.200.70', '2017-12-24 16:55:12', '2017-12-24 16:55:12', 'Desa Jatirahayu  Indonesia', '-6.29339000', '106.91700000', 'Mobile [1|Chrome]'), ('272', '5', '2017-12-24 16:56:17', null, '103.229.200.70', '2017-12-24 16:56:17', '2017-12-24 16:56:17', 'Desa Jatirahayu  Indonesia', '-6.29339000', '106.91700000', 'Mobile [WebKit|Chrome]'), ('273', '5', '2017-12-26 11:35:30', null, '36.77.208.232', '2017-12-26 11:35:30', '2017-12-26 11:35:30', 'Jakarta  Indonesia', '-6.17440000', '106.82940000', 'Desktop [Chrome]'), ('274', '5', null, '2017-12-26 13:14:30', '36.77.208.232', '2017-12-26 13:14:30', '2017-12-26 13:14:30', 'Jakarta  Indonesia', '-6.17440000', '106.82940000', 'Desktop [Chrome]'), ('275', '4', '2017-12-26 13:24:43', null, '36.77.208.232', '2017-12-26 13:24:43', '2017-12-26 13:24:43', 'Jakarta  Indonesia', '-6.17440000', '106.82940000', 'Desktop [Chrome]'), ('276', '1', '2017-12-26 13:45:57', null, '202.62.17.96', '2017-12-26 13:45:57', '2017-12-26 13:45:57', 'Jakarta  Indonesia', '-6.17440000', '106.82940000', 'Mobile [iPhone|Safari]'), ('277', '1', '2017-12-26 13:51:27', null, '202.62.17.96', '2017-12-26 13:51:27', '2017-12-26 13:51:27', 'Jakarta  Indonesia', '-6.17440000', '106.82940000', 'Desktop [Firefox]'), ('278', '5', '2017-12-27 08:00:16', null, '115.178.208.96', '2017-12-27 08:00:17', '2017-12-27 08:00:17', 'Jakarta  Indonesia', '-6.17440000', '106.82940000', 'Desktop [Chrome]'), ('279', '4', '2018-01-03 17:51:54', null, '36.77.216.81', '2018-01-03 17:51:54', '2018-01-03 17:51:54', 'Jakarta  Indonesia', '-6.17440000', '106.82940000', 'Desktop [Chrome]'), ('280', '4', null, '2018-01-03 22:30:38', '36.77.216.81', '2018-01-03 22:30:38', '2018-01-03 22:30:38', 'Jakarta  Indonesia', '-6.17440000', '106.82940000', 'Desktop [Chrome]'), ('281', '4', '2018-01-04 12:03:26', null, '36.77.216.81', '2018-01-04 12:03:26', '2018-01-04 12:03:26', 'Jakarta  Indonesia', '-6.17440000', '106.82940000', 'Mobile [WebKit|Chrome]'), ('282', '1', '2018-01-05 11:48:33', null, '112.215.152.203', '2018-01-05 11:48:33', '2018-01-05 11:48:33', 'Jakarta  Indonesia', '-6.17440000', '106.82940000', 'Mobile [iPhone|Safari]'), ('283', '1', '2018-01-05 11:51:09', null, '120.188.94.41', '2018-01-05 11:51:09', '2018-01-05 11:51:09', 'Jakarta  Indonesia', '-6.17440000', '106.82940000', 'Mobile [iPhone|Safari]'), ('284', '1', null, '2018-01-05 12:04:44', '112.215.152.203', '2018-01-05 12:04:44', '2018-01-05 12:04:44', 'Jakarta  Indonesia', '-6.17440000', '106.82940000', 'Mobile [1|Safari]'), ('285', '1', '2018-01-05 12:06:35', null, '112.215.152.203', '2018-01-05 12:06:35', '2018-01-05 12:06:35', 'Jakarta  Indonesia', '-6.17440000', '106.82940000', 'Mobile [iPhone|Safari]'), ('286', '1', '2018-01-05 13:28:58', null, '122.144.3.157', '2018-01-05 13:29:00', '2018-01-05 13:29:00', 'Jakarta  Indonesia', '-6.17440000', '106.82940000', 'Desktop [Firefox]'), ('287', '1', null, '2018-01-05 13:35:55', '122.144.3.157', '2018-01-05 13:35:55', '2018-01-05 13:35:55', 'Jakarta  Indonesia', '-6.17440000', '106.82940000', 'Desktop [Firefox]'), ('288', '4', '2018-01-05 18:24:48', null, '36.77.216.81', '2018-01-05 18:24:49', '2018-01-05 18:24:49', 'Jakarta  Indonesia', '-6.17440000', '106.82940000', 'Desktop [Chrome]'), ('289', '4', null, '2018-01-05 20:33:33', '36.77.216.81', '2018-01-05 20:33:33', '2018-01-05 20:33:33', 'Jakarta  Indonesia', '-6.17440000', '106.82940000', 'Desktop [Chrome]'), ('290', '1', '2018-01-08 13:04:41', null, '112.215.65.204', '2018-01-08 13:04:41', '2018-01-08 13:04:41', 'Jakarta  Indonesia', '-6.17440000', '106.82940000', 'Mobile [iPhone|Safari]'), ('291', '5', '2018-01-15 10:44:58', null, '125.161.59.39', '2018-01-15 10:44:58', '2018-01-15 10:44:58', 'Jakarta  Indonesia', '-6.17440000', '106.82940000', 'Desktop [Chrome]'), ('292', '5', null, '2018-01-15 13:41:21', '125.161.59.39', '2018-01-15 13:41:22', '2018-01-15 13:41:22', 'Jakarta  Indonesia', '-6.17440000', '106.82940000', 'Desktop [Chrome]'), ('293', '4', '2018-01-15 13:41:44', null, '125.161.59.39', '2018-01-15 13:41:44', '2018-01-15 13:41:44', 'Jakarta  Indonesia', '-6.17440000', '106.82940000', 'Desktop [Chrome]'), ('294', '1', '2018-01-17 10:20:37', null, '122.144.3.157', '2018-01-17 10:20:37', '2018-01-17 10:20:37', 'Jakarta  Indonesia', '-6.17440000', '106.82940000', 'Desktop [Firefox]'), ('295', '5', '2018-01-19 17:20:50', null, '112.215.239.207', '2018-01-19 17:20:50', '2018-01-19 17:20:50', 'Jakarta  Indonesia', '-6.17440000', '106.82940000', 'Desktop [Chrome]'), ('296', '5', '2018-01-23 14:27:53', null, '180.244.232.95', '2018-01-23 14:27:53', '2018-01-23 14:27:53', 'Depok  Indonesia', '-6.34330000', '106.49890000', 'Desktop [Chrome]'), ('297', '4', '2018-02-02 16:45:48', null, '36.70.152.220', '2018-02-02 16:45:48', '2018-02-02 16:45:48', 'Jakarta  Indonesia', '-6.17440000', '106.82940000', 'Desktop [Chrome]'), ('298', '1', '2018-03-12 16:04:10', null, '103.213.129.75', '2018-03-12 16:04:11', '2018-03-12 16:04:11', 'Jakarta  Indonesia', '-6.17440000', '106.82940000', 'Desktop [Safari]'), ('299', '1', '2018-03-25 15:19:31', null, '112.215.170.101', '2018-03-25 15:19:32', '2018-03-25 15:19:32', 'Jakarta  Indonesia', '-6.17440000', '106.82940000', 'Desktop [Safari]'), ('300', '1', null, '2018-03-25 15:19:49', '112.215.170.101', '2018-03-25 15:19:49', '2018-03-25 15:19:49', 'Jakarta  Indonesia', '-6.17440000', '106.82940000', 'Desktop [Safari]'), ('301', '8', '2018-03-25 15:20:42', null, '112.215.170.101', '2018-03-25 15:20:42', '2018-03-25 15:20:42', 'Jakarta  Indonesia', '-6.17440000', '106.82940000', 'Desktop [Safari]'), ('302', '1', '2018-03-31 13:40:10', null, '202.62.17.207', '2018-03-31 13:40:10', '2018-03-31 13:40:10', 'Jakarta  Indonesia', '-6.17440000', '106.82940000', 'Desktop [Firefox]'), ('303', '1', null, '2018-03-31 14:28:34', '202.62.17.207', '2018-03-31 14:28:34', '2018-03-31 14:28:34', 'Jakarta  Indonesia', '-6.17440000', '106.82940000', 'Desktop [Firefox]'), ('304', '1', '2018-03-31 14:29:55', null, '202.62.17.207', '2018-03-31 14:29:55', '2018-03-31 14:29:55', 'Jakarta  Indonesia', '-6.17440000', '106.82940000', 'Desktop [Firefox]'), ('305', '1', null, '2018-03-31 14:47:10', '202.62.17.207', '2018-03-31 14:47:10', '2018-03-31 14:47:10', 'Jakarta  Indonesia', '-6.17440000', '106.82940000', 'Desktop [Firefox]'), ('306', '1', '2018-03-31 14:52:37', null, '202.62.17.207', '2018-03-31 14:52:37', '2018-03-31 14:52:37', 'Jakarta  Indonesia', '-6.17440000', '106.82940000', 'Desktop [Firefox]'), ('307', '1', null, '2018-03-31 14:55:26', '202.62.17.207', '2018-03-31 14:55:26', '2018-03-31 14:55:26', 'Jakarta  Indonesia', '-6.17440000', '106.82940000', 'Desktop [Firefox]'), ('308', '16', '2018-03-31 14:59:12', null, '202.62.17.207', '2018-03-31 14:59:12', '2018-03-31 14:59:12', 'Jakarta  Indonesia', '-6.17440000', '106.82940000', 'Desktop [Firefox]'), ('309', '16', null, '2018-03-31 15:17:20', '202.62.17.207', '2018-03-31 15:17:20', '2018-03-31 15:17:20', 'Jakarta  Indonesia', '-6.17440000', '106.82940000', 'Desktop [Firefox]'), ('310', '1', '2018-03-31 15:17:45', null, '202.62.17.207', '2018-03-31 15:17:45', '2018-03-31 15:17:45', 'Jakarta  Indonesia', '-6.17440000', '106.82940000', 'Desktop [Firefox]'), ('311', '1', null, '2018-03-31 15:19:48', '202.62.17.207', '2018-03-31 15:19:48', '2018-03-31 15:19:48', 'Jakarta  Indonesia', '-6.17440000', '106.82940000', 'Desktop [Firefox]'), ('312', '16', '2018-03-31 15:20:15', null, '202.62.17.207', '2018-03-31 15:20:15', '2018-03-31 15:20:15', 'Jakarta  Indonesia', '-6.17440000', '106.82940000', 'Desktop [Firefox]'), ('313', '16', null, '2018-03-31 15:37:13', '202.62.17.207', '2018-03-31 15:37:13', '2018-03-31 15:37:13', 'Jakarta  Indonesia', '-6.17440000', '106.82940000', 'Desktop [Firefox]'), ('314', '1', '2018-03-31 15:37:45', null, '202.62.17.207', '2018-03-31 15:37:45', '2018-03-31 15:37:45', 'Jakarta  Indonesia', '-6.17440000', '106.82940000', 'Desktop [Firefox]'), ('315', '1', null, '2018-03-31 15:41:06', '202.62.17.207', '2018-03-31 15:41:06', '2018-03-31 15:41:06', 'Jakarta  Indonesia', '-6.17440000', '106.82940000', 'Desktop [Firefox]'), ('316', '1', null, '2018-04-08 04:15:02', '127.0.0.1', '2018-04-08 04:15:02', '2018-04-08 04:15:02', 'New Haven 06510 United States', '41.31000000', '-72.92000000', 'Desktop [Chrome]'), ('317', '1', null, '2018-04-08 04:26:46', '127.0.0.1', '2018-04-08 04:26:46', '2018-04-08 04:26:46', 'New Haven 06510 United States', '41.31000000', '-72.92000000', 'Desktop [Chrome]'), ('318', '1', '2018-04-08 04:27:02', null, '127.0.0.1', '2018-04-08 04:27:02', '2018-04-08 04:27:02', 'New Haven 06510 United States', '41.31000000', '-72.92000000', 'Desktop [Chrome]'), ('319', '1', null, '2018-04-08 04:37:53', '127.0.0.1', '2018-04-08 04:37:53', '2018-04-08 04:37:53', 'New Haven 06510 United States', '41.31000000', '-72.92000000', 'Desktop [Chrome]'), ('320', '1', '2018-04-08 04:38:22', null, '127.0.0.1', '2018-04-08 04:38:22', '2018-04-08 04:38:22', 'New Haven 06510 United States', '41.31000000', '-72.92000000', 'Desktop [Chrome]'), ('321', '1', null, '2018-04-08 04:44:12', '127.0.0.1', '2018-04-08 04:44:12', '2018-04-08 04:44:12', 'New Haven 06510 United States', '41.31000000', '-72.92000000', 'Desktop [Chrome]'), ('322', '1', '2018-04-08 04:44:26', null, '127.0.0.1', '2018-04-08 04:44:26', '2018-04-08 04:44:26', 'New Haven 06510 United States', '41.31000000', '-72.92000000', 'Desktop [Chrome]'), ('323', '1', null, '2018-04-08 04:44:50', '127.0.0.1', '2018-04-08 04:44:50', '2018-04-08 04:44:50', 'New Haven 06510 United States', '41.31000000', '-72.92000000', 'Desktop [Chrome]'), ('324', '1', '2018-04-08 04:45:06', null, '127.0.0.1', '2018-04-08 04:45:06', '2018-04-08 04:45:06', 'New Haven 06510 United States', '41.31000000', '-72.92000000', 'Desktop [Chrome]'), ('325', '1', null, '2018-04-08 04:53:52', '127.0.0.1', '2018-04-08 04:53:52', '2018-04-08 04:53:52', 'New Haven 06510 United States', '41.31000000', '-72.92000000', 'Desktop [Chrome]'), ('326', '1', '2018-04-08 04:54:06', null, '127.0.0.1', '2018-04-08 04:54:06', '2018-04-08 04:54:06', 'New Haven 06510 United States', '41.31000000', '-72.92000000', 'Desktop [Chrome]'), ('327', '1', '2018-04-08 07:06:23', null, '127.0.0.1', '2018-04-08 07:06:23', '2018-04-08 07:06:23', 'New Haven 06510 United States', '41.31000000', '-72.92000000', 'Desktop [Chrome]'), ('328', '1', null, '2018-04-08 07:48:36', '127.0.0.1', '2018-04-08 07:48:36', '2018-04-08 07:48:36', 'New Haven 06510 United States', '41.31000000', '-72.92000000', 'Desktop [Chrome]'), ('329', '1', '2018-04-08 07:48:46', null, '127.0.0.1', '2018-04-08 07:48:46', '2018-04-08 07:48:46', 'New Haven 06510 United States', '41.31000000', '-72.92000000', 'Desktop [Chrome]'), ('330', '1', null, '2018-04-08 07:49:43', '127.0.0.1', '2018-04-08 07:49:43', '2018-04-08 07:49:43', 'New Haven 06510 United States', '41.31000000', '-72.92000000', 'Desktop [Chrome]'), ('331', '1', '2018-04-08 07:49:52', null, '127.0.0.1', '2018-04-08 07:49:52', '2018-04-08 07:49:52', 'New Haven 06510 United States', '41.31000000', '-72.92000000', 'Desktop [Chrome]'), ('332', '1', null, '2018-04-08 08:53:53', '127.0.0.1', '2018-04-08 08:53:53', '2018-04-08 08:53:53', 'New Haven 06510 United States', '41.31000000', '-72.92000000', 'Desktop [Chrome]'), ('333', '1', '2018-04-08 08:54:07', null, '127.0.0.1', '2018-04-08 08:54:07', '2018-04-08 08:54:07', 'New Haven 06510 United States', '41.31000000', '-72.92000000', 'Desktop [Chrome]'), ('334', '1', '2018-04-08 12:58:25', null, '127.0.0.1', '2018-04-08 12:58:25', '2018-04-08 12:58:25', 'New Haven 06510 United States', '41.31000000', '-72.92000000', 'Desktop [Firefox]'), ('335', '1', null, '2018-04-08 13:53:33', '127.0.0.1', '2018-04-08 13:53:33', '2018-04-08 13:53:33', 'New Haven 06510 United States', '41.31000000', '-72.92000000', 'Desktop [Chrome]'), ('336', '1', '2018-04-08 13:53:45', null, '127.0.0.1', '2018-04-08 13:53:45', '2018-04-08 13:53:45', 'New Haven 06510 United States', '41.31000000', '-72.92000000', 'Desktop [Chrome]'), ('337', '1', null, '2018-04-08 13:54:15', '127.0.0.1', '2018-04-08 13:54:15', '2018-04-08 13:54:15', 'New Haven 06510 United States', '41.31000000', '-72.92000000', 'Desktop [Chrome]'), ('338', '1', '2018-04-08 13:54:26', null, '127.0.0.1', '2018-04-08 13:54:26', '2018-04-08 13:54:26', 'New Haven 06510 United States', '41.31000000', '-72.92000000', 'Desktop [Chrome]'), ('339', '1', null, '2018-04-08 14:08:33', '127.0.0.1', '2018-04-08 14:08:33', '2018-04-08 14:08:33', 'New Haven 06510 United States', '41.31000000', '-72.92000000', 'Desktop [Chrome]'), ('340', '1', '2018-04-08 14:08:42', null, '127.0.0.1', '2018-04-08 14:08:42', '2018-04-08 14:08:42', 'New Haven 06510 United States', '41.31000000', '-72.92000000', 'Desktop [Chrome]'), ('341', '1', null, '2018-04-08 14:09:05', '127.0.0.1', '2018-04-08 14:09:05', '2018-04-08 14:09:05', 'New Haven 06510 United States', '41.31000000', '-72.92000000', 'Desktop [Chrome]'), ('342', '1', '2018-04-08 14:09:19', null, '127.0.0.1', '2018-04-08 14:09:19', '2018-04-08 14:09:19', 'New Haven 06510 United States', '41.31000000', '-72.92000000', 'Desktop [Chrome]'), ('343', '1', null, '2018-04-08 14:14:21', '127.0.0.1', '2018-04-08 14:14:21', '2018-04-08 14:14:21', 'New Haven 06510 United States', '41.31000000', '-72.92000000', 'Desktop [Chrome]'), ('344', '1', '2018-04-08 14:16:52', null, '127.0.0.1', '2018-04-08 14:16:52', '2018-04-08 14:16:52', 'New Haven 06510 United States', '41.31000000', '-72.92000000', 'Desktop [Chrome]'), ('345', '1', null, '2018-04-08 14:17:34', '127.0.0.1', '2018-04-08 14:17:34', '2018-04-08 14:17:34', 'New Haven 06510 United States', '41.31000000', '-72.92000000', 'Desktop [Chrome]'), ('346', '1', '2018-04-08 14:17:42', null, '127.0.0.1', '2018-04-08 14:17:42', '2018-04-08 14:17:42', 'New Haven 06510 United States', '41.31000000', '-72.92000000', 'Desktop [Chrome]'), ('347', '1', null, '2018-04-08 14:51:22', '127.0.0.1', '2018-04-08 14:51:22', '2018-04-08 14:51:22', 'New Haven 06510 United States', '41.31000000', '-72.92000000', 'Desktop [Chrome]'), ('348', '1', '2018-04-08 14:51:31', null, '127.0.0.1', '2018-04-08 14:51:31', '2018-04-08 14:51:31', 'New Haven 06510 United States', '41.31000000', '-72.92000000', 'Desktop [Chrome]'), ('349', '1', null, '2018-04-08 15:18:08', '127.0.0.1', '2018-04-08 15:18:08', '2018-04-08 15:18:08', 'New Haven 06510 United States', '41.31000000', '-72.92000000', 'Desktop [Chrome]'), ('350', '1', '2018-04-08 15:18:18', null, '127.0.0.1', '2018-04-08 15:18:18', '2018-04-08 15:18:18', 'New Haven 06510 United States', '41.31000000', '-72.92000000', 'Desktop [Chrome]'), ('351', '1', null, '2018-04-08 15:18:27', '127.0.0.1', '2018-04-08 15:18:27', '2018-04-08 15:18:27', 'New Haven 06510 United States', '41.31000000', '-72.92000000', 'Desktop [Chrome]'), ('352', '1', '2018-04-08 15:20:18', null, '127.0.0.1', '2018-04-08 15:20:18', '2018-04-08 15:20:18', 'New Haven 06510 United States', '41.31000000', '-72.92000000', 'Desktop [Chrome]'), ('353', '1', '2018-04-08 22:33:12', null, '127.0.0.1', '2018-04-08 22:33:12', '2018-04-08 22:33:12', 'New Haven 06510 United States', '41.31000000', '-72.92000000', 'Desktop [Chrome]'), ('354', '1', null, '2018-04-08 22:43:10', '127.0.0.1', '2018-04-08 22:43:10', '2018-04-08 22:43:10', 'New Haven 06510 United States', '41.31000000', '-72.92000000', 'Desktop [Chrome]'), ('355', '1', '2018-04-08 22:44:36', null, '127.0.0.1', '2018-04-08 22:44:36', '2018-04-08 22:44:36', 'New Haven 06510 United States', '41.31000000', '-72.92000000', 'Desktop [Chrome]'), ('356', '1', '2018-04-09 22:11:55', null, '127.0.0.1', '2018-04-09 22:11:55', '2018-04-09 22:11:55', 'New Haven 06510 United States', '41.31000000', '-72.92000000', 'Desktop [Chrome]'), ('357', '1', '2018-04-10 15:16:41', null, '127.0.0.1', '2018-04-10 15:16:41', '2018-04-10 15:16:41', 'New Haven 06510 United States', '41.31000000', '-72.92000000', 'Desktop [Chrome]'), ('358', '1', null, '2018-04-10 15:25:59', '127.0.0.1', '2018-04-10 15:25:59', '2018-04-10 15:25:59', 'New Haven 06510 United States', '41.31000000', '-72.92000000', 'Desktop [Chrome]'), ('359', '1', '2018-04-10 15:26:10', null, '127.0.0.1', '2018-04-10 15:26:10', '2018-04-10 15:26:10', 'New Haven 06510 United States', '41.31000000', '-72.92000000', 'Desktop [Chrome]'), ('360', '1', null, '2018-04-10 15:26:28', '127.0.0.1', '2018-04-10 15:26:28', '2018-04-10 15:26:28', 'New Haven 06510 United States', '41.31000000', '-72.92000000', 'Desktop [Chrome]'), ('361', '1', '2018-04-10 15:26:39', null, '127.0.0.1', '2018-04-10 15:26:39', '2018-04-10 15:26:39', 'New Haven 06510 United States', '41.31000000', '-72.92000000', 'Desktop [Chrome]'), ('362', '1', null, '2018-04-10 15:29:45', '127.0.0.1', '2018-04-10 15:29:45', '2018-04-10 15:29:45', 'New Haven 06510 United States', '41.31000000', '-72.92000000', 'Desktop [Chrome]');
INSERT INTO `audit_logs` VALUES ('363', '1', '2018-04-10 15:30:36', null, '127.0.0.1', '2018-04-10 15:30:36', '2018-04-10 15:30:36', 'New Haven 06510 United States', '41.31000000', '-72.92000000', 'Desktop [Chrome]'), ('364', '1', '2018-04-10 22:10:48', null, '127.0.0.1', '2018-04-10 22:10:48', '2018-04-10 22:10:48', 'New Haven 06510 United States', '41.31000000', '-72.92000000', 'Desktop [Chrome]'), ('365', '1', '2018-05-10 07:38:20', null, '127.0.0.1', '2018-05-10 07:38:20', '2018-05-10 07:38:20', 'New Haven 06510 United States', '41.31000000', '-72.92000000', 'Desktop [Chrome]'), ('366', '1', '2018-05-10 13:39:55', null, '127.0.0.1', '2018-05-10 13:39:55', '2018-05-10 13:39:55', 'New Haven 06510 United States', '41.31000000', '-72.92000000', 'Desktop [Chrome]'), ('367', '1', null, '2018-05-10 14:41:14', '127.0.0.1', '2018-05-10 14:41:14', '2018-05-10 14:41:14', 'New Haven 06510 United States', '41.31000000', '-72.92000000', 'Desktop [Chrome]'), ('368', '1', '2018-05-10 14:41:18', null, '127.0.0.1', '2018-05-10 14:41:18', '2018-05-10 14:41:18', 'New Haven 06510 United States', '41.31000000', '-72.92000000', 'Desktop [Chrome]'), ('369', '1', null, '2018-05-10 14:45:21', '127.0.0.1', '2018-05-10 14:45:21', '2018-05-10 14:45:21', 'New Haven 06510 United States', '41.31000000', '-72.92000000', 'Desktop [Chrome]'), ('370', '1', '2018-05-10 14:45:25', null, '127.0.0.1', '2018-05-10 14:45:25', '2018-05-10 14:45:25', 'New Haven 06510 United States', '41.31000000', '-72.92000000', 'Desktop [Chrome]'), ('371', '1', '2018-05-12 02:28:20', null, '127.0.0.1', '2018-05-12 02:28:20', '2018-05-12 02:28:20', 'New Haven 06510 United States', '41.31000000', '-72.92000000', 'Desktop [Chrome]'), ('372', '1', '2018-05-17 06:42:20', null, '127.0.0.1', '2018-05-17 06:42:20', '2018-05-17 06:42:20', 'New Haven 06510 United States', '41.31000000', '-72.92000000', 'Desktop [Firefox]'), ('373', '1', null, '2018-05-17 07:36:18', '127.0.0.1', '2018-05-17 07:36:18', '2018-05-17 07:36:18', 'New Haven 06510 United States', '41.31000000', '-72.92000000', 'Desktop [Firefox]'), ('374', '1', '2018-05-17 07:36:26', null, '127.0.0.1', '2018-05-17 07:36:26', '2018-05-17 07:36:26', 'New Haven 06510 United States', '41.31000000', '-72.92000000', 'Desktop [Firefox]'), ('375', '1', '2018-05-21 06:38:05', null, '127.0.0.1', '2018-05-21 06:38:05', '2018-05-21 06:38:05', 'New Haven 06510 United States', '41.31000000', '-72.92000000', 'Desktop [Firefox]'), ('376', '1', null, '2018-05-21 06:38:31', '127.0.0.1', '2018-05-21 06:38:31', '2018-05-21 06:38:31', 'New Haven 06510 United States', '41.31000000', '-72.92000000', 'Desktop [Firefox]'), ('377', '1', '2018-05-23 08:05:02', null, '127.0.0.1', '2018-05-23 08:05:03', '2018-05-23 08:05:03', 'New Haven 06510 United States', '41.31000000', '-72.92000000', 'Desktop [Firefox]'), ('378', '1', '2018-05-24 03:44:56', null, '127.0.0.1', '2018-05-24 03:44:56', '2018-05-24 03:44:56', 'New Haven 06510 United States', '41.31000000', '-72.92000000', 'Desktop [Firefox]'), ('379', '1', '2018-05-24 07:13:08', null, '127.0.0.1', '2018-05-24 07:13:09', '2018-05-24 07:13:09', 'New Haven 06510 United States', '41.31000000', '-72.92000000', 'Desktop [Firefox]'), ('380', '1', null, '2018-05-24 07:21:27', '127.0.0.1', '2018-05-24 07:21:27', '2018-05-24 07:21:27', 'New Haven 06510 United States', '41.31000000', '-72.92000000', 'Desktop [Firefox]'), ('381', '1', '2018-06-11 04:09:08', null, '127.0.0.1', '2018-06-11 04:09:08', '2018-06-11 04:09:08', 'New Haven 06510 United States', '41.31000000', '-72.92000000', 'Desktop [Firefox]'), ('382', '1', null, '2018-06-11 06:37:48', '127.0.0.1', '2018-06-11 06:37:48', '2018-06-11 06:37:48', 'New Haven 06510 United States', '41.31000000', '-72.92000000', 'Desktop [Firefox]'), ('383', '1', '2018-06-11 06:38:07', null, '127.0.0.1', '2018-06-11 06:38:07', '2018-06-11 06:38:07', 'New Haven 06510 United States', '41.31000000', '-72.92000000', 'Desktop [Firefox]'), ('384', '1', null, '2018-06-11 07:39:44', '127.0.0.1', '2018-06-11 07:39:44', '2018-06-11 07:39:44', 'New Haven 06510 United States', '41.31000000', '-72.92000000', 'Desktop [Firefox]'), ('385', '1', '2018-06-11 09:14:38', null, '127.0.0.1', '2018-06-11 09:14:38', '2018-06-11 09:14:38', 'New Haven 06510 United States', '41.31000000', '-72.92000000', 'Desktop [Firefox]'), ('386', '1', null, '2018-06-11 09:21:43', '127.0.0.1', '2018-06-11 09:21:43', '2018-06-11 09:21:43', 'New Haven 06510 United States', '41.31000000', '-72.92000000', 'Desktop [Firefox]'), ('387', '1', '2018-06-11 09:42:12', null, '127.0.0.1', '2018-06-11 09:42:12', '2018-06-11 09:42:12', 'New Haven 06510 United States', '41.31000000', '-72.92000000', 'Desktop [Firefox]'), ('388', '1', null, '2018-06-11 09:57:44', '127.0.0.1', '2018-06-11 09:57:44', '2018-06-11 09:57:44', 'New Haven 06510 United States', '41.31000000', '-72.92000000', 'Desktop [Firefox]'), ('389', '1', '2018-06-11 10:16:21', null, '127.0.0.1', '2018-06-11 10:16:21', '2018-06-11 10:16:21', 'New Haven 06510 United States', '41.31000000', '-72.92000000', 'Desktop [Firefox]'), ('390', '1', null, '2018-06-11 10:16:29', '127.0.0.1', '2018-06-11 10:16:29', '2018-06-11 10:16:29', 'New Haven 06510 United States', '41.31000000', '-72.92000000', 'Desktop [Firefox]'), ('391', '1', '2018-06-20 03:58:23', null, '127.0.0.1', '2018-06-20 03:58:23', '2018-06-20 03:58:23', 'New Haven 06510 United States', '41.31000000', '-72.92000000', 'Desktop [Firefox]'), ('392', '1', null, '2018-06-20 03:58:55', '127.0.0.1', '2018-06-20 03:58:55', '2018-06-20 03:58:55', 'New Haven 06510 United States', '41.31000000', '-72.92000000', 'Desktop [Firefox]'), ('393', '1', '2018-06-20 03:59:11', null, '127.0.0.1', '2018-06-20 03:59:11', '2018-06-20 03:59:11', 'New Haven 06510 United States', '41.31000000', '-72.92000000', 'Desktop [Firefox]'), ('394', '1', null, '2018-06-20 04:03:54', '127.0.0.1', '2018-06-20 04:03:54', '2018-06-20 04:03:54', 'New Haven 06510 United States', '41.31000000', '-72.92000000', 'Desktop [Firefox]'), ('395', '1', '2018-06-20 04:04:06', null, '127.0.0.1', '2018-06-20 04:04:06', '2018-06-20 04:04:06', 'New Haven 06510 United States', '41.31000000', '-72.92000000', 'Desktop [Firefox]'), ('396', '1', null, '2018-06-20 04:05:33', '127.0.0.1', '2018-06-20 04:05:33', '2018-06-20 04:05:33', 'New Haven 06510 United States', '41.31000000', '-72.92000000', 'Desktop [Firefox]'), ('397', '1', '2018-06-20 04:05:39', null, '127.0.0.1', '2018-06-20 04:05:39', '2018-06-20 04:05:39', 'New Haven 06510 United States', '41.31000000', '-72.92000000', 'Desktop [Firefox]'), ('398', '1', null, '2018-06-20 04:07:06', '127.0.0.1', '2018-06-20 04:07:06', '2018-06-20 04:07:06', 'New Haven 06510 United States', '41.31000000', '-72.92000000', 'Desktop [Firefox]'), ('399', '1', '2018-06-20 04:07:12', null, '127.0.0.1', '2018-06-20 04:07:12', '2018-06-20 04:07:12', 'New Haven 06510 United States', '41.31000000', '-72.92000000', 'Desktop [Firefox]'), ('400', '1', null, '2018-06-20 04:14:19', '127.0.0.1', '2018-06-20 04:14:19', '2018-06-20 04:14:19', 'New Haven 06510 United States', '41.31000000', '-72.92000000', 'Desktop [Firefox]'), ('401', '1', '2018-06-20 07:38:55', null, '127.0.0.1', '2018-06-20 07:38:55', '2018-06-20 07:38:55', 'New Haven 06510 United States', '41.31000000', '-72.92000000', 'Desktop [Firefox]'), ('402', '1', null, '2018-06-20 08:15:49', '127.0.0.1', '2018-06-20 08:15:49', '2018-06-20 08:15:49', 'New Haven 06510 United States', '41.31000000', '-72.92000000', 'Desktop [Firefox]'), ('403', '1', '2018-06-20 08:42:54', null, '127.0.0.1', '2018-06-20 08:42:54', '2018-06-20 08:42:54', 'New Haven 06510 United States', '41.31000000', '-72.92000000', 'Desktop [Firefox]'), ('404', '1', null, '2018-06-20 08:44:22', '127.0.0.1', '2018-06-20 08:44:22', '2018-06-20 08:44:22', 'New Haven 06510 United States', '41.31000000', '-72.92000000', 'Desktop [Firefox]'), ('405', '1', '2018-06-20 10:14:53', null, '127.0.0.1', '2018-06-20 10:14:53', '2018-06-20 10:14:53', 'New Haven 06510 United States', '41.31000000', '-72.92000000', 'Desktop [Firefox]'), ('406', '1', null, '2018-06-20 10:16:10', '127.0.0.1', '2018-06-20 10:16:10', '2018-06-20 10:16:10', 'New Haven 06510 United States', '41.31000000', '-72.92000000', 'Desktop [Firefox]'), ('407', '10', '2018-06-20 10:18:56', null, '127.0.0.1', '2018-06-20 10:18:56', '2018-06-20 10:18:56', 'New Haven 06510 United States', '41.31000000', '-72.92000000', 'Desktop [Firefox]'), ('408', '10', null, '2018-06-20 10:19:22', '127.0.0.1', '2018-06-20 10:19:22', '2018-06-20 10:19:22', 'New Haven 06510 United States', '41.31000000', '-72.92000000', 'Desktop [Firefox]'), ('409', '10', '2018-06-20 10:19:33', null, '127.0.0.1', '2018-06-20 10:19:33', '2018-06-20 10:19:33', 'New Haven 06510 United States', '41.31000000', '-72.92000000', 'Desktop [Firefox]'), ('410', '1', '2018-07-02 03:50:41', null, '::1', '2018-07-02 03:50:41', '2018-07-02 03:50:41', 'New Haven 06510 United States', '41.31000000', '-72.92000000', 'Desktop [Firefox]'), ('411', '1', '2018-07-02 04:04:39', null, '::1', '2018-07-02 04:04:39', '2018-07-02 04:04:39', 'New Haven 06510 United States', '41.31000000', '-72.92000000', 'Desktop [Chrome]'), ('412', '1', null, '2018-07-02 04:24:55', '::1', '2018-07-02 04:24:55', '2018-07-02 04:24:55', 'New Haven 06510 United States', '41.31000000', '-72.92000000', 'Desktop [Firefox]'), ('413', '12', '2018-07-02 04:27:05', null, '::1', '2018-07-02 04:27:05', '2018-07-02 04:27:05', 'New Haven 06510 United States', '41.31000000', '-72.92000000', 'Desktop [Firefox]'), ('414', '12', null, '2018-07-02 04:49:13', '::1', '2018-07-02 04:49:13', '2018-07-02 04:49:13', 'New Haven 06510 United States', '41.31000000', '-72.92000000', 'Desktop [Firefox]'), ('415', '12', '2018-07-02 04:49:23', null, '::1', '2018-07-02 04:49:23', '2018-07-02 04:49:23', 'New Haven 06510 United States', '41.31000000', '-72.92000000', 'Desktop [Firefox]'), ('416', '12', '2018-07-02 06:56:33', null, '::1', '2018-07-02 06:56:33', '2018-07-02 06:56:33', 'New Haven 06510 United States', '41.31000000', '-72.92000000', 'Desktop [Firefox]'), ('417', '12', null, '2018-07-02 09:12:18', '::1', '2018-07-02 09:12:18', '2018-07-02 09:12:18', 'New Haven 06510 United States', '41.31000000', '-72.92000000', 'Desktop [Firefox]'), ('418', '12', '2018-07-02 09:17:57', null, '::1', '2018-07-02 09:17:57', '2018-07-02 09:17:57', 'New Haven 06510 United States', '41.31000000', '-72.92000000', 'Desktop [Firefox]'), ('419', '12', '2018-07-03 06:43:21', null, '::1', '2018-07-03 06:43:21', '2018-07-03 06:43:21', 'New Haven 06510 United States', '41.31000000', '-72.92000000', 'Desktop [Firefox]'), ('420', '12', '2018-07-03 07:12:40', null, '::1', '2018-07-03 07:12:40', '2018-07-03 07:12:40', 'New Haven 06510 United States', '41.31000000', '-72.92000000', 'Desktop [Firefox]'), ('421', '12', '2018-07-04 04:35:53', null, '::1', '2018-07-04 04:35:53', '2018-07-04 04:35:53', 'New Haven 06510 United States', '41.31000000', '-72.92000000', 'Desktop [Firefox]'), ('422', '12', null, '2018-07-04 06:51:28', '::1', '2018-07-04 06:51:28', '2018-07-04 06:51:28', 'New Haven 06510 United States', '41.31000000', '-72.92000000', 'Desktop [Firefox]'), ('423', '12', '2018-07-04 07:21:04', null, '::1', '2018-07-04 07:21:04', '2018-07-04 07:21:04', 'New Haven 06510 United States', '41.31000000', '-72.92000000', 'Desktop [Firefox]'), ('424', '12', null, '2018-07-04 10:38:34', '::1', '2018-07-04 10:38:34', '2018-07-04 10:38:34', 'New Haven 06510 United States', '41.31000000', '-72.92000000', 'Desktop [Firefox]'), ('425', '12', '2018-07-04 10:41:26', null, '::1', '2018-07-04 10:41:26', '2018-07-04 10:41:26', 'New Haven 06510 United States', '41.31000000', '-72.92000000', 'Desktop [Firefox]'), ('426', '12', null, '2018-07-04 10:42:09', '::1', '2018-07-04 10:42:09', '2018-07-04 10:42:09', 'New Haven 06510 United States', '41.31000000', '-72.92000000', 'Desktop [Firefox]'), ('427', '12', '2018-07-04 10:42:20', null, '::1', '2018-07-04 10:42:20', '2018-07-04 10:42:20', 'New Haven 06510 United States', '41.31000000', '-72.92000000', 'Desktop [Firefox]'), ('428', '12', '2018-07-06 17:33:14', null, '::1', '2018-07-06 17:33:14', '2018-07-06 17:33:14', 'New Haven 06510 United States', '41.31000000', '-72.92000000', 'Desktop [Firefox]'), ('429', '12', '2018-07-09 03:04:43', null, '::1', '2018-07-09 03:04:43', '2018-07-09 03:04:43', 'New Haven 06510 United States', '41.31000000', '-72.92000000', 'Desktop [Firefox]'), ('430', '12', '2018-07-09 07:19:02', null, '::1', '2018-07-09 07:19:02', '2018-07-09 07:19:02', 'New Haven 06510 United States', '41.31000000', '-72.92000000', 'Desktop [Firefox]'), ('431', '12', null, '2018-07-09 07:26:16', '::1', '2018-07-09 07:26:16', '2018-07-09 07:26:16', 'New Haven 06510 United States', '41.31000000', '-72.92000000', 'Desktop [Firefox]'), ('432', '12', '2018-07-09 07:47:50', null, 'fe80::1', '2018-07-09 07:47:50', '2018-07-09 07:47:50', 'New Haven 06510 United States', '41.31000000', '-72.92000000', 'Desktop [Firefox]'), ('433', '12', null, '2018-07-09 08:07:11', 'fe80::1', '2018-07-09 08:07:11', '2018-07-09 08:07:11', 'New Haven 06510 United States', '41.31000000', '-72.92000000', 'Desktop [Firefox]'), ('434', '12', '2018-07-09 08:10:01', null, 'fe80::1', '2018-07-09 08:10:01', '2018-07-09 08:10:01', 'New Haven 06510 United States', '41.31000000', '-72.92000000', 'Desktop [Firefox]'), ('435', '12', null, '2018-07-09 16:30:08', 'fe80::1', '2018-07-09 16:30:09', '2018-07-09 16:30:09', 'New Haven 06510 United States', '41.31000000', '-72.92000000', 'Desktop [Firefox]'), ('436', '12', '2018-07-09 16:42:22', null, 'fe80::1', '2018-07-09 16:42:22', '2018-07-09 16:42:22', 'New Haven 06510 United States', '41.31000000', '-72.92000000', 'Desktop [Firefox]'), ('437', '12', null, '2018-07-09 16:51:47', 'fe80::1', '2018-07-09 16:51:47', '2018-07-09 16:51:47', 'New Haven 06510 United States', '41.31000000', '-72.92000000', 'Desktop [Firefox]'), ('438', '12', '2018-07-09 17:40:10', null, 'fe80::1', '2018-07-09 17:40:10', '2018-07-09 17:40:10', 'New Haven 06510 United States', '41.31000000', '-72.92000000', 'Desktop [Firefox]'), ('439', '12', '2018-07-10 10:19:43', null, '::1', '2018-07-10 10:19:43', '2018-07-10 10:19:43', 'New Haven 06510 United States', '41.31000000', '-72.92000000', 'Desktop [Firefox]'), ('440', '12', null, '2018-07-10 12:49:51', '::1', '2018-07-10 12:49:51', '2018-07-10 12:49:51', 'New Haven 06510 United States', '41.31000000', '-72.92000000', 'Desktop [Firefox]'), ('441', '12', '2018-07-10 12:50:01', null, '::1', '2018-07-10 12:50:01', '2018-07-10 12:50:01', 'New Haven 06510 United States', '41.31000000', '-72.92000000', 'Desktop [Firefox]'), ('442', '12', null, '2018-07-10 12:54:21', '::1', '2018-07-10 12:54:21', '2018-07-10 12:54:21', 'New Haven 06510 United States', '41.31000000', '-72.92000000', 'Desktop [Firefox]'), ('443', '12', '2018-07-10 12:54:58', null, '::1', '2018-07-10 12:54:58', '2018-07-10 12:54:58', 'New Haven 06510 United States', '41.31000000', '-72.92000000', 'Desktop [Firefox]'), ('444', '12', null, '2018-07-10 14:13:21', '::1', '2018-07-10 14:13:21', '2018-07-10 14:13:21', 'New Haven 06510 United States', '41.31000000', '-72.92000000', 'Desktop [Firefox]'), ('445', '12', '2018-07-10 14:13:34', null, '::1', '2018-07-10 14:13:34', '2018-07-10 14:13:34', 'New Haven 06510 United States', '41.31000000', '-72.92000000', 'Desktop [Firefox]'), ('446', '14', '2018-07-10 15:54:56', null, '::1', '2018-07-10 15:54:57', '2018-07-10 15:54:57', 'New Haven 06510 United States', '41.31000000', '-72.92000000', 'Desktop [Firefox]'), ('447', '12', '2018-07-10 15:55:58', null, '::1', '2018-07-10 15:55:58', '2018-07-10 15:55:58', 'New Haven 06510 United States', '41.31000000', '-72.92000000', 'Desktop [Firefox]'), ('448', '12', null, '2018-07-10 17:25:14', '::1', '2018-07-10 17:25:14', '2018-07-10 17:25:14', 'New Haven 06510 United States', '41.31000000', '-72.92000000', 'Desktop [Firefox]'), ('449', '23', '2018-07-10 17:26:04', null, '::1', '2018-07-10 17:26:04', '2018-07-10 17:26:04', 'New Haven 06510 United States', '41.31000000', '-72.92000000', 'Desktop [Firefox]'), ('450', '23', null, '2018-07-10 17:28:21', '::1', '2018-07-10 17:28:21', '2018-07-10 17:28:21', 'New Haven 06510 United States', '41.31000000', '-72.92000000', 'Desktop [Firefox]'), ('451', '12', '2018-07-10 17:28:30', null, '::1', '2018-07-10 17:28:30', '2018-07-10 17:28:30', 'New Haven 06510 United States', '41.31000000', '-72.92000000', 'Desktop [Firefox]'), ('452', '12', null, '2018-07-10 17:30:33', '::1', '2018-07-10 17:30:33', '2018-07-10 17:30:33', 'New Haven 06510 United States', '41.31000000', '-72.92000000', 'Desktop [Firefox]'), ('453', '23', '2018-07-10 17:30:51', null, '::1', '2018-07-10 17:30:51', '2018-07-10 17:30:51', 'New Haven 06510 United States', '41.31000000', '-72.92000000', 'Desktop [Firefox]'), ('454', '23', null, '2018-07-10 17:30:59', '::1', '2018-07-10 17:30:59', '2018-07-10 17:30:59', 'New Haven 06510 United States', '41.31000000', '-72.92000000', 'Desktop [Firefox]'), ('455', '12', '2018-07-10 17:31:23', null, '::1', '2018-07-10 17:31:23', '2018-07-10 17:31:23', 'New Haven 06510 United States', '41.31000000', '-72.92000000', 'Desktop [Firefox]'), ('456', '12', null, '2018-07-10 18:11:15', '::1', '2018-07-10 18:11:15', '2018-07-10 18:11:15', 'New Haven 06510 United States', '41.31000000', '-72.92000000', 'Desktop [Firefox]'), ('457', '12', '2018-07-11 10:08:56', null, '::1', '2018-07-11 10:08:57', '2018-07-11 10:08:57', 'New Haven 06510 United States', '41.31000000', '-72.92000000', 'Desktop [Firefox]'), ('458', '12', null, '2018-07-11 10:22:02', '::1', '2018-07-11 10:22:02', '2018-07-11 10:22:02', 'New Haven 06510 United States', '41.31000000', '-72.92000000', 'Desktop [Firefox]'), ('459', '18', '2018-07-11 10:22:35', null, '::1', '2018-07-11 10:22:35', '2018-07-11 10:22:35', 'New Haven 06510 United States', '41.31000000', '-72.92000000', 'Desktop [Firefox]'), ('460', '18', null, '2018-07-11 10:54:26', '::1', '2018-07-11 10:54:26', '2018-07-11 10:54:26', 'New Haven 06510 United States', '41.31000000', '-72.92000000', 'Desktop [Firefox]'), ('461', '12', '2018-07-11 14:03:27', null, '::1', '2018-07-11 14:03:27', '2018-07-11 14:03:27', 'New Haven 06510 United States', '41.31000000', '-72.92000000', 'Desktop [Firefox]'), ('462', '12', null, '2018-07-11 14:04:01', '::1', '2018-07-11 14:04:01', '2018-07-11 14:04:01', 'New Haven 06510 United States', '41.31000000', '-72.92000000', 'Desktop [Firefox]'), ('463', '18', '2018-07-11 14:04:20', null, '::1', '2018-07-11 14:04:20', '2018-07-11 14:04:20', 'New Haven 06510 United States', '41.31000000', '-72.92000000', 'Desktop [Firefox]'), ('464', '18', null, '2018-07-11 14:06:50', '::1', '2018-07-11 14:06:50', '2018-07-11 14:06:50', 'New Haven 06510 United States', '41.31000000', '-72.92000000', 'Desktop [Firefox]'), ('465', '18', '2018-07-11 14:07:00', null, '::1', '2018-07-11 14:07:00', '2018-07-11 14:07:00', 'New Haven 06510 United States', '41.31000000', '-72.92000000', 'Desktop [Firefox]'), ('466', '18', null, '2018-07-11 14:08:06', '::1', '2018-07-11 14:08:06', '2018-07-11 14:08:06', 'New Haven 06510 United States', '41.31000000', '-72.92000000', 'Desktop [Firefox]'), ('467', '18', '2018-07-11 14:08:26', null, '::1', '2018-07-11 14:08:26', '2018-07-11 14:08:26', 'New Haven 06510 United States', '41.31000000', '-72.92000000', 'Desktop [Firefox]'), ('468', '18', null, '2018-07-11 14:11:47', '::1', '2018-07-11 14:11:47', '2018-07-11 14:11:47', 'New Haven 06510 United States', '41.31000000', '-72.92000000', 'Desktop [Firefox]'), ('469', '18', '2018-07-11 14:12:00', null, '::1', '2018-07-11 14:12:00', '2018-07-11 14:12:00', 'New Haven 06510 United States', '41.31000000', '-72.92000000', 'Desktop [Firefox]'), ('470', '12', '2018-07-11 14:14:14', null, '::1', '2018-07-11 14:14:14', '2018-07-11 14:14:14', 'New Haven 06510 United States', '41.31000000', '-72.92000000', 'Desktop [Chrome]'), ('471', '18', null, '2018-07-11 14:55:09', '::1', '2018-07-11 14:55:09', '2018-07-11 14:55:09', 'New Haven 06510 United States', '41.31000000', '-72.92000000', 'Desktop [Firefox]'), ('472', '30', '2018-07-11 14:55:31', null, '::1', '2018-07-11 14:55:31', '2018-07-11 14:55:31', 'New Haven 06510 United States', '41.31000000', '-72.92000000', 'Desktop [Firefox]'), ('473', '30', null, '2018-07-11 16:05:56', '::1', '2018-07-11 16:05:56', '2018-07-11 16:05:56', 'New Haven 06510 United States', '41.31000000', '-72.92000000', 'Desktop [Firefox]'), ('474', '31', '2018-07-11 16:06:15', null, '::1', '2018-07-11 16:06:15', '2018-07-11 16:06:15', 'New Haven 06510 United States', '41.31000000', '-72.92000000', 'Desktop [Firefox]'), ('475', '18', '2018-07-12 10:58:43', null, '::1', '2018-07-12 10:58:43', '2018-07-12 10:58:43', 'New Haven 06510 United States', '41.31000000', '-72.92000000', 'Desktop [Firefox]'), ('476', '18', null, '2018-07-12 15:07:24', '::1', '2018-07-12 15:07:24', '2018-07-12 15:07:24', 'New Haven 06510 United States', '41.31000000', '-72.92000000', 'Desktop [Firefox]'), ('477', '30', '2018-07-12 15:07:50', null, '::1', '2018-07-12 15:07:50', '2018-07-12 15:07:50', 'New Haven 06510 United States', '41.31000000', '-72.92000000', 'Desktop [Firefox]'), ('478', '30', null, '2018-07-12 15:09:00', '::1', '2018-07-12 15:09:00', '2018-07-12 15:09:00', 'New Haven 06510 United States', '41.31000000', '-72.92000000', 'Desktop [Firefox]'), ('479', '12', '2018-07-12 15:09:12', null, '::1', '2018-07-12 15:09:12', '2018-07-12 15:09:12', 'New Haven 06510 United States', '41.31000000', '-72.92000000', 'Desktop [Firefox]'), ('480', '12', null, '2018-07-12 15:11:27', '::1', '2018-07-12 15:11:27', '2018-07-12 15:11:27', 'New Haven 06510 United States', '41.31000000', '-72.92000000', 'Desktop [Firefox]'), ('481', '12', '2018-07-12 15:11:42', null, '::1', '2018-07-12 15:11:42', '2018-07-12 15:11:42', 'New Haven 06510 United States', '41.31000000', '-72.92000000', 'Desktop [Firefox]'), ('482', '12', null, '2018-07-12 15:16:00', '::1', '2018-07-12 15:16:00', '2018-07-12 15:16:00', 'New Haven 06510 United States', '41.31000000', '-72.92000000', 'Desktop [Firefox]'), ('483', '12', '2018-07-12 15:16:09', null, '::1', '2018-07-12 15:16:09', '2018-07-12 15:16:09', 'New Haven 06510 United States', '41.31000000', '-72.92000000', 'Desktop [Firefox]'), ('484', '12', null, '2018-07-12 16:52:04', '::1', '2018-07-12 16:52:04', '2018-07-12 16:52:04', 'New Haven 06510 United States', '41.31000000', '-72.92000000', 'Desktop [Firefox]'), ('485', '30', '2018-07-12 16:52:28', null, '::1', '2018-07-12 16:52:28', '2018-07-12 16:52:28', 'New Haven 06510 United States', '41.31000000', '-72.92000000', 'Desktop [Firefox]'), ('486', '30', null, '2018-07-12 16:52:35', '::1', '2018-07-12 16:52:35', '2018-07-12 16:52:35', 'New Haven 06510 United States', '41.31000000', '-72.92000000', 'Desktop [Firefox]'), ('487', '12', '2018-07-12 17:08:20', null, '::1', '2018-07-12 17:08:20', '2018-07-12 17:08:20', 'New Haven 06510 United States', '41.31000000', '-72.92000000', 'Desktop [Firefox]'), ('488', '12', null, '2018-07-12 17:13:47', '::1', '2018-07-12 17:13:47', '2018-07-12 17:13:47', 'New Haven 06510 United States', '41.31000000', '-72.92000000', 'Desktop [Firefox]'), ('489', '30', '2018-07-12 17:47:25', null, '::1', '2018-07-12 17:47:25', '2018-07-12 17:47:25', 'New Haven 06510 United States', '41.31000000', '-72.92000000', 'Desktop [Firefox]'), ('490', '12', '2018-07-13 10:02:30', null, '::1', '2018-07-13 10:02:30', '2018-07-13 10:02:30', 'New Haven 06510 United States', '41.31000000', '-72.92000000', 'Desktop [Firefox]'), ('491', '12', '2018-07-13 13:35:48', null, '::1', '2018-07-13 13:35:48', '2018-07-13 13:35:48', 'New Haven 06510 United States', '41.31000000', '-72.92000000', 'Desktop [Firefox]'), ('492', '12', '2018-07-14 11:49:04', null, '::1', '2018-07-14 11:49:04', '2018-07-14 11:49:04', 'New Haven 06510 United States', '41.31000000', '-72.92000000', 'Desktop [Firefox]'), ('493', '12', '2018-07-14 20:25:20', null, '::1', '2018-07-14 20:25:20', '2018-07-14 20:25:20', 'New Haven 06510 United States', '41.31000000', '-72.92000000', 'Desktop [Firefox]'), ('494', '12', '2018-07-15 12:34:27', null, 'fe80::1', '2018-07-15 12:34:27', '2018-07-15 12:34:27', 'New Haven 06510 United States', '41.31000000', '-72.92000000', 'Desktop [Firefox]'), ('495', '12', '2018-07-16 09:54:42', null, '::1', '2018-07-16 09:54:42', '2018-07-16 09:54:42', 'New Haven 06510 United States', '41.31000000', '-72.92000000', 'Desktop [Firefox]'), ('496', '12', '2018-07-16 13:34:32', null, '::1', '2018-07-16 13:34:32', '2018-07-16 13:34:32', 'New Haven 06510 United States', '41.31000000', '-72.92000000', 'Desktop [Firefox]'), ('497', '12', '2018-07-17 09:53:36', null, '::1', '2018-07-17 09:53:36', '2018-07-17 09:53:36', 'New Haven 06510 United States', '41.31000000', '-72.92000000', 'Desktop [Firefox]'), ('498', '12', null, '2018-07-17 10:44:43', '::1', '2018-07-17 10:44:43', '2018-07-17 10:44:43', 'New Haven 06510 United States', '41.31000000', '-72.92000000', 'Desktop [Firefox]'), ('499', '30', '2018-07-17 10:45:28', null, '::1', '2018-07-17 10:45:28', '2018-07-17 10:45:28', 'New Haven 06510 United States', '41.31000000', '-72.92000000', 'Desktop [Firefox]'), ('500', '30', null, '2018-07-17 11:19:08', '::1', '2018-07-17 11:19:08', '2018-07-17 11:19:08', 'New Haven 06510 United States', '41.31000000', '-72.92000000', 'Desktop [Firefox]'), ('501', '12', '2018-07-17 11:19:18', null, '::1', '2018-07-17 11:19:18', '2018-07-17 11:19:18', 'New Haven 06510 United States', '41.31000000', '-72.92000000', 'Desktop [Firefox]'), ('502', '12', null, '2018-07-17 11:20:09', '::1', '2018-07-17 11:20:09', '2018-07-17 11:20:09', 'New Haven 06510 United States', '41.31000000', '-72.92000000', 'Desktop [Firefox]'), ('503', '30', '2018-07-17 11:20:17', null, '::1', '2018-07-17 11:20:17', '2018-07-17 11:20:17', 'New Haven 06510 United States', '41.31000000', '-72.92000000', 'Desktop [Firefox]'), ('504', '12', '2018-07-17 11:28:49', null, '::1', '2018-07-17 11:28:49', '2018-07-17 11:28:49', 'New Haven 06510 United States', '41.31000000', '-72.92000000', 'Desktop [Chrome]'), ('505', '30', null, '2018-07-17 11:36:58', '::1', '2018-07-17 11:36:58', '2018-07-17 11:36:58', 'New Haven 06510 United States', '41.31000000', '-72.92000000', 'Desktop [Firefox]'), ('506', '18', '2018-07-17 11:37:17', null, '::1', '2018-07-17 11:37:17', '2018-07-17 11:37:17', 'New Haven 06510 United States', '41.31000000', '-72.92000000', 'Desktop [Firefox]'), ('507', '18', '2018-07-17 11:37:25', null, '::1', '2018-07-17 11:37:25', '2018-07-17 11:37:25', 'New Haven 06510 United States', '41.31000000', '-72.92000000', 'Desktop [Firefox]'), ('508', '12', '2018-07-17 19:21:09', null, '::1', '2018-07-17 19:21:09', '2018-07-17 19:21:09', 'New Haven 06510 United States', '41.31000000', '-72.92000000', 'Desktop [Firefox]'), ('509', '12', null, '2018-07-17 19:26:37', '::1', '2018-07-17 19:26:37', '2018-07-17 19:26:37', 'New Haven 06510 United States', '41.31000000', '-72.92000000', 'Desktop [Firefox]'), ('510', '30', '2018-07-17 19:26:48', null, '::1', '2018-07-17 19:26:48', '2018-07-17 19:26:48', 'New Haven 06510 United States', '41.31000000', '-72.92000000', 'Desktop [Firefox]');
COMMIT;

-- ----------------------------
--  Table structure for `email_template_parameters`
-- ----------------------------
DROP TABLE IF EXISTS `email_template_parameters`;
CREATE TABLE `email_template_parameters` (
  `id` int(11) NOT NULL AUTO_INCREMENT,
  `email_template_id` int(11) DEFAULT NULL,
  `parameter` varchar(100) DEFAULT NULL,
  PRIMARY KEY (`id`),
  KEY `parameter` (`parameter`),
  KEY `email_template_id` (`email_template_id`)
) ENGINE=InnoDB DEFAULT CHARSET=latin1;

-- ----------------------------
--  Table structure for `email_templates`
-- ----------------------------
DROP TABLE IF EXISTS `email_templates`;
CREATE TABLE `email_templates` (
  `id` int(11) NOT NULL AUTO_INCREMENT,
  `name` varchar(100) DEFAULT NULL,
  `template` longtext,
  `subject` varchar(100) DEFAULT NULL,
  `created_by` int(11) DEFAULT NULL,
  `created_at` timestamp NULL DEFAULT NULL,
  `updated_by` int(11) DEFAULT NULL,
  `updated_at` timestamp NULL DEFAULT NULL,
  PRIMARY KEY (`id`)
) ENGINE=InnoDB AUTO_INCREMENT=7 DEFAULT CHARSET=latin1;

-- ----------------------------
--  Records of `email_templates`
-- ----------------------------
BEGIN;
INSERT INTO `email_templates` VALUES ('1', 'invitation', '<p>Dear #NAME</p><p><br></p><p>Please click/copy URL Below to complete your registration,</p><p>#URL</p><p><br></p><p>Thanks for your attention<br></p>', 'Welcome To this Apps', '1', '2018-05-12 02:42:10', '1', '2018-05-24 04:22:13'), ('2', 'forgot_password', '<p>Dear #NAME,</p><p>Please Click or Copy URL below to Change your Password</p><p>#URL</p><p><br></p><p>Regards,<br></p>', 'Forgot Password', '1', null, '1', '2018-06-20 07:42:41'), ('3', 'registration', '<p>Dear #NAME,</p><p>Please Click or Copy URL below to Complete your Registration</p><p>#URL,</p><p><br></p><p>Regards,<br></p>', 'Registration', '1', null, '1', '2018-06-20 07:44:13'), ('4', 'email_verification', null, null, null, null, null, null), ('5', 'VERIFICATION_APPROVE_MEMBER', '<em>Selamat bergabung di ITS Sistem. Akun anda telah aktif.<br>\nSilakan ganti password anda di link di bawah ini :</em>\n\n<em><strong>@LINKVERIFICATIONREGISTER\n</strong></em>\nTerima kasih\n</pre>', 'Selamat Bergabung Bersama Kami', '12', '2018-07-10 15:15:39', '12', '2018-07-10 15:15:43'), ('6', 'REMAINDER_TRANSFER_NEW_LICENSI', 'Hai, #NAME!<br><br>\n\n<em>Selamat, anda berhasil registrasi di <strong>Indonesian Tour System (ITS)</strong>.<br>\nUntuk melanjutkan proses registrasi anda. Silakan ikuti langkah-langkah berikut :\n<ul>\n    <li>Silakan transfer biaya pendaftaran sebesar <strong>Rp #TOTAL</strong></li>\n    <li>Konfirmasi jika sudah transfer kepada member atasannya. (Kepada siapa anda daftar)</li>\n    <li>Tunggu Email berikutnya yang berisi link aktifasi sistem anda</li>\n    <li>Segeralah ubah password sesuai keinginan anda</li>\n</ul>\n</em>\n\n<em>\nRekening Indinesian Tour System :<br>\n<ul>\n    <li>BCA 450-1435-630 a.n Ahmad Aminudin</li>\n    <li>MANDIRI 07-0000-6054-097 a.n Ahmad Aminudin</li>\n    <li>BNI 029-0845-150 a.n Ahmad Aminudin</li>\n</ul>\n</em>\n\nTerima kasih,<br>\n<strong>Indonesian Tour System<br>\nLet\'s get smart tour system\n<strong>\n\n</pre>', 'Pendaftaran Member Baru ITS', '12', '2018-07-12 17:43:33', '12', '2018-07-12 17:43:38');
COMMIT;

-- ----------------------------
--  Table structure for `hierarchies`
-- ----------------------------
DROP TABLE IF EXISTS `hierarchies`;
CREATE TABLE `hierarchies` (
  `id` int(11) NOT NULL AUTO_INCREMENT,
  `level_id` int(11) DEFAULT NULL,
  `parent_id` int(11) DEFAULT NULL,
  `created_at` timestamp NULL DEFAULT NULL,
  `created_by` int(11) DEFAULT NULL,
  `updated_at` timestamp NULL DEFAULT CURRENT_TIMESTAMP,
  `updated_by` int(11) DEFAULT NULL,
  PRIMARY KEY (`id`)
) ENGINE=InnoDB AUTO_INCREMENT=5 DEFAULT CHARSET=utf8;

-- ----------------------------
--  Records of `hierarchies`
-- ----------------------------
BEGIN;
INSERT INTO `hierarchies` VALUES ('1', '5', '4', '2018-07-09 15:39:39', '1', '2018-07-09 15:39:42', '1'), ('2', '4', '3', '2018-07-09 15:39:49', '1', '2018-07-09 15:39:52', '1'), ('3', '3', '2', '2018-07-09 15:40:01', '1', '2018-07-09 15:40:05', '1'), ('4', '2', '1', '2018-07-09 15:40:11', '1', '2018-07-09 15:40:14', '1');
COMMIT;

-- ----------------------------
--  Table structure for `menus`
-- ----------------------------
DROP TABLE IF EXISTS `menus`;
CREATE TABLE `menus` (
  `id` int(11) unsigned NOT NULL AUTO_INCREMENT,
  `name` varchar(191) DEFAULT NULL,
  `url` varchar(191) DEFAULT NULL,
  `permission` varchar(191) DEFAULT NULL,
  `icon` varchar(100) DEFAULT NULL,
  `order` int(6) DEFAULT NULL,
  `created_at` datetime DEFAULT NULL,
  `updated_at` datetime DEFAULT NULL,
  `menus_id` int(11) DEFAULT NULL,
  PRIMARY KEY (`id`)
) ENGINE=InnoDB AUTO_INCREMENT=27 DEFAULT CHARSET=latin1;

-- ----------------------------
--  Records of `menus`
-- ----------------------------
BEGIN;
INSERT INTO `menus` VALUES ('1', 'User', 'user', 'user-management-view', 'fa fa-user', '4', '2017-04-08 00:00:00', '2018-05-17 07:36:03', '4'), ('2', 'Menu', 'menu', 'menu-view', 'fa fa-list', '3', '2017-04-08 00:00:00', '2018-05-17 07:36:03', '4'), ('3', 'Permission', 'permission', 'user-management-view', 'fa fa-shield', '1', '2018-04-08 08:53:31', '2018-05-17 07:36:02', '4'), ('4', 'User Management', null, 'user-management-view', 'fa 	fa-map-signs', '1', '2018-04-08 13:56:32', '2018-05-17 07:36:02', null), ('5', 'Role', 'role', 'role-view', 'fa fa-book', '2', '2018-04-08 15:17:17', '2018-05-17 07:36:03', '4'), ('6', 'Apps', 'setting', 'setting-view', 'fa fa-gear', '1', '2018-04-08 22:43:03', '2018-05-17 07:36:03', '8'), ('7', 'Email Template', 'email/emailtemplate', 'emailtemplate-admin-view', 'fa fa-envelope-o', '2', '2018-05-10 13:54:35', '2018-05-17 07:36:03', '8'), ('8', 'Setting', null, 'setup-module', 'fa fa-gears', '2', '2018-05-10 13:59:42', '2018-05-17 07:36:03', null), ('9', 'Master', null, 'master-view', 'fa fa-list', null, '2018-05-23 07:53:30', '2018-05-23 07:53:55', null), ('10', 'Level', 'level', 'level-view', 'fa  fa-list-ol', '3', '2018-05-23 07:55:12', '2018-05-23 07:55:12', '9'), ('11', 'Region', 'region', 'region-view', null, '3', '2018-07-02 04:48:01', '2018-07-02 04:48:01', '9'), ('12', 'Country', 'country', 'country-view', null, '3', '2018-07-02 04:48:23', '2018-07-02 04:48:23', '9'), ('13', 'Destination', 'destination', 'destination-view', null, '3', '2018-07-02 04:48:46', '2018-07-02 04:48:46', '9'), ('14', 'Tour', null, 'tour-view', null, '3', '2018-07-02 09:10:22', '2018-07-02 09:10:22', null), ('15', 'Tour List', 'tour/admin', 'tour-admin-view', null, '4', '2018-07-02 09:11:08', '2018-07-02 09:11:08', '14'), ('16', 'Open Trip List', 'opentrip/admin', 'opentrip-admin-view', null, '4', '2018-07-03 09:19:49', '2018-07-03 09:19:49', '14'), ('17', 'Exclude Include', 'excinc', 'exclude-include-view', null, '4', '2018-07-03 09:22:56', '2018-07-03 09:22:56', '9'), ('18', 'Hot Offer List', 'hotoffer/admin', 'hotoffer-admin-view', null, '4', '2018-07-04 10:42:04', '2018-07-04 10:42:04', '14'), ('19', 'Hierarchy', 'hierarchy', 'hierarchy-admin-view', null, '4', '2018-07-09 08:06:22', '2018-07-09 08:06:22', '9'), ('20', 'Member', null, 'member-view', null, null, '2018-07-10 11:04:43', '2018-07-10 11:09:46', null), ('21', 'Membership', null, 'membership-view', null, null, '2018-07-10 11:10:14', '2018-07-10 12:52:13', '20'), ('22', 'Pendaftaran Member', 'member/request', 'membership-view', null, '4', '2018-07-10 12:52:00', '2018-07-10 12:52:00', '21'), ('23', 'Member Anda', 'member/membership', 'membership-view', null, '4', '2018-07-10 12:53:25', '2018-07-10 12:53:25', '21'), ('24', 'Persetujuan Pendaftaran', 'member/approval', 'member-approve-view', null, '4', '2018-07-10 14:12:57', '2018-07-10 14:12:57', '20'), ('25', 'Paket', 'tour/search', 'tour-view', null, '4', '2018-07-12 15:11:19', '2018-07-12 15:11:19', '14'), ('26', 'Voucher', 'voucher', 'voucher-view', null, '4', '2018-07-12 15:15:29', '2018-07-12 15:15:29', '9');
COMMIT;

-- ----------------------------
--  Table structure for `permission_role`
-- ----------------------------
DROP TABLE IF EXISTS `permission_role`;
CREATE TABLE `permission_role` (
  `permission_id` int(10) unsigned NOT NULL,
  `role_id` int(10) unsigned NOT NULL,
  PRIMARY KEY (`permission_id`,`role_id`),
  KEY `permission_role_role_id_foreign` (`role_id`)
) ENGINE=InnoDB DEFAULT CHARSET=utf8mb4 COLLATE=utf8mb4_unicode_ci;

-- ----------------------------
--  Records of `permission_role`
-- ----------------------------
BEGIN;
INSERT INTO `permission_role` VALUES ('1', '1'), ('2', '1'), ('3', '1'), ('4', '1'), ('5', '1'), ('6', '1'), ('7', '1'), ('8', '1'), ('9', '1'), ('10', '1'), ('11', '1'), ('12', '1'), ('13', '1'), ('14', '1'), ('15', '1'), ('16', '1'), ('17', '1'), ('18', '1'), ('19', '1'), ('20', '1'), ('21', '1'), ('22', '1'), ('23', '1'), ('24', '1'), ('25', '1'), ('26', '1'), ('27', '1'), ('28', '1'), ('29', '1'), ('30', '1'), ('31', '1'), ('32', '1'), ('33', '1'), ('34', '1'), ('35', '1'), ('36', '1'), ('37', '1'), ('38', '1'), ('39', '1'), ('40', '1'), ('41', '1'), ('42', '1'), ('43', '1'), ('44', '1'), ('45', '1'), ('46', '1'), ('47', '1'), ('48', '1'), ('49', '1'), ('50', '1'), ('51', '1'), ('52', '1'), ('53', '1'), ('54', '1'), ('55', '1'), ('56', '1'), ('57', '1'), ('58', '1'), ('59', '1'), ('60', '1'), ('61', '1'), ('62', '1'), ('63', '1'), ('64', '1'), ('65', '1'), ('66', '1'), ('67', '1'), ('68', '1'), ('69', '1'), ('70', '1'), ('71', '1'), ('72', '1'), ('73', '1'), ('74', '1'), ('75', '1'), ('76', '1'), ('77', '1'), ('43', '2'), ('69', '2'), ('70', '2'), ('43', '3');
COMMIT;

-- ----------------------------
--  Table structure for `permissions`
-- ----------------------------
DROP TABLE IF EXISTS `permissions`;
CREATE TABLE `permissions` (
  `id` int(10) unsigned NOT NULL AUTO_INCREMENT,
  `name` varchar(150) COLLATE utf8mb4_unicode_ci NOT NULL,
  `display_name` varchar(255) COLLATE utf8mb4_unicode_ci DEFAULT NULL,
  `description` varchar(255) COLLATE utf8mb4_unicode_ci DEFAULT NULL,
  `parent_id` varchar(45) COLLATE utf8mb4_unicode_ci DEFAULT NULL,
  `created_at` timestamp NULL DEFAULT NULL,
  `updated_at` timestamp NULL DEFAULT NULL,
  PRIMARY KEY (`id`),
  UNIQUE KEY `permissions_name_unique` (`name`)
) ENGINE=InnoDB AUTO_INCREMENT=78 DEFAULT CHARSET=utf8mb4 COLLATE=utf8mb4_unicode_ci;

-- ----------------------------
--  Records of `permissions`
-- ----------------------------
BEGIN;
INSERT INTO `permissions` VALUES ('1', 'user-management-view', 'User Management List', 'View List User', '0', '2017-04-08 00:00:00', '2018-04-10 15:19:49'), ('2', 'menu-view', 'Menu Management View', 'Manage Menu', '0', '2017-04-08 00:00:00', null), ('3', 'role-view', 'Role View', 'View Role List', '0', '2018-04-08 15:14:09', '2018-04-08 15:14:09'), ('4', 'role-add', 'Add Role', 'Add Role Data', '3', '2018-04-08 15:14:53', '2018-04-08 15:14:53'), ('5', 'role-edit', 'Edit Role', 'Edit Role Data', '3', '2018-04-08 15:15:13', '2018-04-08 15:15:13'), ('6', 'role-delete', 'Role Delete', 'Delete Role Data', '3', '2018-04-08 15:15:43', '2018-04-08 15:15:43'), ('7', 'setting-view', 'Setting View', 'View Setting data', '0', '2018-04-08 22:35:07', '2018-04-08 22:35:07'), ('8', 'setting-edit', 'Setting Edit', 'Edit Setting Data', '7', '2018-04-08 22:35:32', '2018-04-08 22:35:32'), ('9', 'user-management-add', 'Add User', 'Add User Data', '1', '2018-04-10 15:20:31', '2018-04-10 15:20:31'), ('10', 'user-management-edit', 'Edit User', 'Edit User', '1', '2018-04-10 15:24:46', '2018-04-10 15:24:46'), ('11', 'user-management-inactive', 'Inactive User', 'Inactive User', '1', '2018-04-10 15:25:14', '2018-04-10 15:25:14'), ('12', 'email-template-view', 'Email Template List', 'Email Template List', '0', '2018-04-10 23:02:19', '2018-04-10 23:02:19'), ('13', 'email-template-edit', 'Edit Email Template', 'Edit Template', '12', '2018-04-10 23:02:57', '2018-04-10 23:02:57'), ('14', 'email-template-add', 'Add Email Template', 'Add Template', '12', '2018-04-10 23:03:35', '2018-04-10 23:03:35'), ('15', 'email-template-delete', 'Delete Email Template', 'Delete Template', '12', '2018-04-10 23:06:30', '2018-04-10 23:06:30'), ('16', 'emailtemplate-admin-view', 'Admin View Email Template', 'Admin View Email Template', '0', '2018-05-10 13:51:39', '2018-05-10 13:51:39'), ('17', 'emailtemplate-admin-add', 'Admin Add Email Template', 'Admin Add Email Template', '16', '2018-05-10 13:52:02', '2018-05-10 13:52:02'), ('18', 'emailtemplate-admin-edit', 'Admin Edit Email Template', 'Admin Edit Email Template', '16', '2018-05-10 13:52:28', '2018-05-10 13:52:28'), ('19', 'emailtemplate-admin-delete', 'Admin Delete Email Template', 'Admin Delete Email Template', '16', '2018-05-10 13:52:49', '2018-05-10 13:52:49'), ('20', 'setup-module', 'Module Setup', 'Module Setup', '0', '2018-05-10 13:59:00', '2018-05-10 13:59:00'), ('21', 'master-view', 'Master Menu', 'Master Menu', '0', '2018-05-23 07:50:58', '2018-05-23 07:50:58'), ('22', 'level-view', 'Level Menu', 'Level Menu', '21', '2018-05-23 07:51:16', '2018-05-23 07:51:16'), ('23', 'level-add', 'Add New Level', 'Add New Level', '22', '2018-05-23 07:51:50', '2018-05-23 07:51:50'), ('24', 'level-edit', 'Edit Level', 'Edit Level', '22', '2018-05-23 07:52:13', '2018-05-23 07:52:13'), ('25', 'region-view', 'Region Menu', 'Region Menu', '21', '2018-07-02 04:40:43', '2018-07-02 04:40:43'), ('26', 'region-add', 'Add New Region', 'Add New Region', '25', '2018-07-02 04:41:01', '2018-07-02 04:41:01'), ('27', 'region-edit', 'Edit Region', 'Edit Region', '25', '2018-07-02 04:41:17', '2018-07-02 04:41:17'), ('28', 'region-delete', 'Delete Region', 'Delete Region', '25', '2018-07-02 04:41:33', '2018-07-02 04:41:33'), ('29', 'region-inactive', 'Inactive Region', 'Inactive Region', '25', '2018-07-02 04:41:55', '2018-07-02 04:41:55'), ('30', 'region-activate', 'Activate Region', 'Activate Region', '25', '2018-07-02 04:42:18', '2018-07-02 04:42:18'), ('31', 'country-view', 'Country Menu', 'Country Menu', '21', '2018-07-02 04:42:49', '2018-07-02 04:42:49'), ('32', 'country-add', 'Add New Country', 'Add New Country', '31', '2018-07-02 04:43:07', '2018-07-02 04:43:07'), ('33', 'country-edit', 'Edit Country', 'Edit Country', '31', '2018-07-02 04:43:25', '2018-07-02 04:43:25'), ('34', 'country-delete', 'Delete Country', 'Delete Country', '31', '2018-07-02 04:43:41', '2018-07-02 04:43:41'), ('35', 'country-inactive', 'Inactive Country', 'Inactive Country', '31', '2018-07-02 04:44:00', '2018-07-02 04:44:00'), ('36', 'country-activate', 'Activate Country', 'Activate Country', '31', '2018-07-02 04:44:19', '2018-07-02 04:44:19'), ('37', 'destination-view', 'Destination Menu', 'Destination Menu', '21', '2018-07-02 04:44:47', '2018-07-02 04:44:47'), ('38', 'destination-add', 'Add New Destination', 'Add New Destination', '37', '2018-07-02 04:45:03', '2018-07-02 04:45:03'), ('39', 'destination-edit', 'Edit Destination', 'Edit Destination', '37', '2018-07-02 04:45:21', '2018-07-02 04:45:21'), ('40', 'destination-delete', 'Delete Destination', 'Delete Destination', '37', '2018-07-02 04:45:39', '2018-07-02 04:45:39'), ('41', 'destination-inactive', 'Inactive Destination', 'Inactive Destination', '37', '2018-07-02 04:46:06', '2018-07-02 04:46:06'), ('42', 'destination-activate', 'Activate Destination', 'Activate Destination', '37', '2018-07-02 04:46:24', '2018-07-02 04:46:24'), ('43', 'tour-view', 'Tour Menu', 'Tour Menu', '0', '2018-07-02 09:07:04', '2018-07-02 09:07:04'), ('44', 'tour-admin-view', 'Tour Admin Menu', 'Tour Admin Menu', '43', '2018-07-02 09:07:26', '2018-07-02 09:07:26'), ('45', 'tour-admin-add', 'Add New Tour', 'Add New Tour', '44', '2018-07-02 09:07:46', '2018-07-02 09:07:46'), ('46', 'tour-admin-edit', 'Edit Tour', 'Edit Tour', '44', '2018-07-02 09:08:15', '2018-07-02 09:08:15'), ('47', 'tour-admin-activate', 'Activate Tour', 'Activate Tour', '44', '2018-07-02 09:08:40', '2018-07-02 09:08:40'), ('48', 'tour-admin-inactive', 'Inactive Tour', 'Inactive Tour', '44', '2018-07-02 09:09:08', '2018-07-02 09:09:08'), ('49', 'tour-admin-delete', 'Delete Tour', 'Delete Tour', '44', '2018-07-02 09:09:29', '2018-07-02 09:09:29'), ('50', 'exclude-include-view', 'Exclude Include Menu', 'Exclude Include Menu', '21', '2018-07-02 10:40:07', '2018-07-02 10:40:07'), ('51', 'exclude-include-add', 'Add New Exclude Include', 'Add New Exclude Include', '50', '2018-07-02 10:40:30', '2018-07-02 10:40:30'), ('52', 'exclude-include-edit', 'Edit Exclude Include', 'Edit Exclude Include', '50', '2018-07-02 10:40:56', '2018-07-02 10:40:56'), ('53', 'opentrip-admin-view', 'Open Trip Admin Menu', 'Open Trip Admin Menu', '43', '2018-07-03 09:11:28', '2018-07-03 09:11:28'), ('54', 'opentrip-admin-add', 'Add New Open Trip', 'Add New Open Trip', '53', '2018-07-03 09:12:33', '2018-07-03 09:12:33'), ('55', 'opentrip-admin-edit', 'Edit Open Trip', 'Edit Open Trip', '53', '2018-07-03 09:16:18', '2018-07-03 09:16:18'), ('56', 'opentrip-admin-delete', 'Delete Open Trip', 'Delete Open Trip', '53', '2018-07-03 09:17:34', '2018-07-03 09:17:34'), ('57', 'opentrip-admin-inactive', 'Inactive Open Trip', 'Inactive Open Trip', '53', '2018-07-03 09:18:09', '2018-07-03 09:18:09'), ('58', 'opentrip-admin-activate', 'Activate Open Tour', 'Activate Open Tour', '53', '2018-07-03 09:18:58', '2018-07-03 09:18:58'), ('59', 'exclude-include-delete', 'Delete Exclude Include', 'Delete Exclude Include', '50', '2018-07-03 09:21:13', '2018-07-03 09:21:13'), ('60', 'exclude-include-inactive', 'Inactive Exclude Include', 'Inactive Exclude Include', '50', '2018-07-03 09:21:44', '2018-07-03 09:21:44'), ('61', 'exclude-include-activate', 'Activate Exclude Include', 'Activate Exclude Include', '50', '2018-07-03 09:22:04', '2018-07-03 09:22:04'), ('62', 'hotoffer-admin-view', 'Hot Offer Admin Menu', 'Hot Offer Admin Menu', '43', '2018-07-04 10:33:27', '2018-07-04 10:33:27'), ('63', 'hotoffer-admin-add', 'Add New Hot Offer', 'Add New Hot Offer', '62', '2018-07-04 10:33:50', '2018-07-04 10:33:50'), ('64', 'hotoffer-admin-edit', 'Edit Hot Offer', 'Edit Hot Offer', '62', '2018-07-04 10:34:08', '2018-07-04 10:34:08'), ('65', 'hotoffer-admin-delete', 'Delete Hot Offer', 'Delete Hot Offer', '62', '2018-07-04 10:34:27', '2018-07-04 10:34:27'), ('66', 'hotoffer-admin-inactive', 'Inactive Hot Offer', 'Inactive Hot Offer', '62', '2018-07-04 10:36:30', '2018-07-04 10:36:30'), ('67', 'hotoffer-admin-activate', 'Activate Hot Offer', 'Activate Hot Offer', '62', '2018-07-04 10:36:54', '2018-07-04 10:36:54'), ('68', 'hierarchy-admin-view', 'Hierarchy Menu', 'Hierarchy Menu', '21', '2018-07-09 08:05:45', '2018-07-09 08:05:45'), ('69', 'member-view', 'Member Menu', 'Member Menu', '0', '2018-07-10 11:01:19', '2018-07-10 11:01:19'), ('70', 'membership-view', 'Membership Menu', 'Membership Menu', '69', '2018-07-10 11:01:40', '2018-07-10 11:01:40'), ('71', 'member-approve-view', 'Member Approve Menu', 'Member Approve Menu', '69', '2018-07-10 14:04:46', '2018-07-10 14:04:46'), ('72', 'voucher-view', 'Voucher Menu', 'Voucher Menu', '21', '2018-07-12 15:13:19', '2018-07-12 15:13:19'), ('73', 'voucher-add', 'Add New Voucher', 'Add New Voucher', '72', '2018-07-12 15:13:49', '2018-07-12 15:13:49'), ('74', 'voucher-edit', 'Edit Voucher', 'Edit Voucher', '72', '2018-07-12 15:14:08', '2018-07-12 15:14:08'), ('75', 'voucher-delete', 'Delete Voucher', 'Delete Voucher', '72', '2018-07-12 15:14:30', '2018-07-12 15:14:30'), ('76', 'voucher-inactive', 'Inactive Voucher', 'Inactive Voucher', '72', '2018-07-12 15:14:49', '2018-07-12 15:14:49'), ('77', 'voucher-activate', 'Activate Voucher', 'Activate Voucher', '72', '2018-07-12 15:15:07', '2018-07-12 15:15:07');
COMMIT;

-- ----------------------------
--  Table structure for `role_user`
-- ----------------------------
DROP TABLE IF EXISTS `role_user`;
CREATE TABLE `role_user` (
  `user_id` int(10) unsigned NOT NULL,
  `role_id` int(10) unsigned NOT NULL,
  PRIMARY KEY (`user_id`,`role_id`),
  KEY `role_user_role_id_foreign` (`role_id`)
) ENGINE=InnoDB DEFAULT CHARSET=utf8mb4 COLLATE=utf8mb4_unicode_ci;

-- ----------------------------
--  Records of `role_user`
-- ----------------------------
BEGIN;
INSERT INTO `role_user` VALUES ('1', '1'), ('2', '1'), ('3', '1'), ('4', '1'), ('5', '1'), ('6', '1'), ('7', '1'), ('8', '1'), ('9', '1'), ('10', '1'), ('12', '1'), ('14', '2'), ('15', '2'), ('16', '2'), ('17', '2'), ('18', '2'), ('19', '2'), ('20', '2'), ('24', '2'), ('25', '2'), ('26', '2'), ('27', '2'), ('28', '2'), ('29', '2'), ('30', '2'), ('31', '2'), ('34', '2'), ('21', '3'), ('22', '3'), ('23', '3'), ('32', '3'), ('33', '3'), ('35', '3'), ('36', '3'), ('37', '3');
COMMIT;

-- ----------------------------
--  Table structure for `roles`
-- ----------------------------
DROP TABLE IF EXISTS `roles`;
CREATE TABLE `roles` (
  `id` int(10) unsigned NOT NULL AUTO_INCREMENT,
  `name` varchar(150) COLLATE utf8mb4_unicode_ci NOT NULL,
  `display_name` varchar(255) COLLATE utf8mb4_unicode_ci DEFAULT NULL,
  `description` varchar(255) COLLATE utf8mb4_unicode_ci DEFAULT NULL,
  `created_at` timestamp NULL DEFAULT NULL,
  `updated_at` timestamp NULL DEFAULT NULL,
  PRIMARY KEY (`id`),
  UNIQUE KEY `roles_name_unique` (`name`)
) ENGINE=InnoDB AUTO_INCREMENT=4 DEFAULT CHARSET=utf8mb4 COLLATE=utf8mb4_unicode_ci;

-- ----------------------------
--  Records of `roles`
-- ----------------------------
BEGIN;
INSERT INTO `roles` VALUES ('1', 'admin', 'Admin', 'Super Admin User', '2017-04-08 00:00:00', null), ('2', 'member', 'Member', 'Member', '2018-07-02 04:33:07', '2018-07-02 04:33:07'), ('3', 'member-agen', 'Member Agen', 'Member Agen', '2018-07-10 17:29:17', '2018-07-10 17:29:17');
COMMIT;

-- ----------------------------
--  Table structure for `settings`
-- ----------------------------
DROP TABLE IF EXISTS `settings`;
CREATE TABLE `settings` (
  `id` int(6) NOT NULL AUTO_INCREMENT,
  `project_name` varchar(75) DEFAULT NULL,
  `title` varchar(255) DEFAULT NULL,
  `keywords` varchar(255) DEFAULT NULL,
  `description` varchar(255) DEFAULT NULL,
  `meta_keywords` varchar(255) DEFAULT NULL,
  `meta_description` varchar(255) DEFAULT NULL,
  `logo` text,
  `logo_dark` text,
  `icon` text,
  `misi` text,
  `visi` text,
  `phone` varchar(25) DEFAULT NULL,
  `mobile` varchar(25) DEFAULT NULL,
  `whatsapp` varchar(25) DEFAULT NULL,
  `facebook` text,
  `twitter` text,
  `instagram` text,
  `address` text,
  `linkedin` text,
  `googleplus` text,
  `email` varchar(75) DEFAULT NULL,
  `developer` varchar(150) DEFAULT NULL,
  `location` text,
  `latitude` decimal(10,8) DEFAULT NULL,
  `longitude` decimal(11,8) DEFAULT NULL,
  `google_analytic` text,
  `created_at` timestamp NULL DEFAULT NULL,
  `creted_by` int(6) DEFAULT NULL,
  `updated_at` timestamp NULL DEFAULT NULL,
  `updated_by` int(11) DEFAULT NULL,
  PRIMARY KEY (`id`)
) ENGINE=InnoDB AUTO_INCREMENT=2 DEFAULT CHARSET=latin1;

-- ----------------------------
--  Records of `settings`
-- ----------------------------
BEGIN;
INSERT INTO `settings` VALUES ('1', 'Main', 'GoBaitullah', 'GoBaitullah', 'GoBaitullah', 'GoBaitullah', 'GoBaitullah', 'logo-2.png', 'logo-2.png', '', null, null, '0', '0', '0', '1', '2', '3', '', null, '4', 'barindra1988@gmail.com', null, null, null, null, null, null, null, '2018-05-10 07:47:57', null);
COMMIT;

SET FOREIGN_KEY_CHECKS = 1;
